domain,variant,trial,feasible,strict_v3_valid,strict_v3_error,task_valid,task_error,graph_compiled,compile_error,n_relations_compiled,n_operation_groups,n_disabled_operations,contract_complete,canonicalization_status,n_provisional_ops,n_task_causal,n_unresolved_required_relations,n_unresolved_required_operations,n_canonical_relations_in_doc,n_canonical_groups_in_doc,runtime_sec,pipeline_status,outcome_category,failure_category,failure_reason,n_inspected_regions,grounding_reached,grounding_status,grounding_satisfied,grounding_complete,grounding_failure_kind,complete_grounding,astar_invocations,astar_reached,plan_length,symbolic_validation,symbolic_goal_status,success,semantic_vlm_requests,gt_goals_total,gt_goals_satisfied,gt_goal_coverage,gt_full_task_satisfied,outcome_correct,contract_missing_reasons
kitchen,K10,trial_01,False,True,,True,,True,,4,3,0,False,PARTIAL,0,0,3,2,6,3,80.28,NO_MEANINGFUL_CANDIDATE_PLAN,GRAPH_COMPILATION_FAILURE,,NO_COMPLETE_FUNCTIONAL_WITNESS,5,True,INFEASIBLE,False,False,OBJECT_DISCOVERY_FAILURE,False,0,False,0,,,False,0,4,0,0.0,False,True,"[""Unresolved roles: [{'raw_role': {'id': 'soup_ingredient', 'entity_kind': 'OBJECT', 'function': 'Food for soup', 'required_count': 2, 'binding_policy': 'DISTINCT', 'candidate_categories': ['liquid food', 'stew', 'broth'], 'required_properties': ['edible'], 'visible_candidates': [{'label': 'bowl with "", ""Unresolved required operations: [{'id': 'retrieve_coffee', 'operation': 'retrieve_from_storage', 'participant_roles': ['coffee_ingredient', 'storage_unit'], 'semantic_capability_candidates': [], 'reason': 'NO_RUNTIME_CAPABILITY_MATCHES_THIS_OPERATION_PHRASE', 'requirement_provenance': 'DERIVED_FROM_"", 'Unresolved required relations: [{\'raw_subject\': \'coffee_cup\', \'raw_phrase\': \'contains\', \'raw_object\': \'coffee_ingredient\', \'status\': \'UNINTERPRETABLE_REQUIRED_RELATION\', \'reason\': ""Relation text \'contains\' provides no semantic evidence for valid predicates [] or task causal semantics""}, {\'raw_subjec']"
kitchen,K10,trial_02,False,True,,True,,True,,2,3,0,False,PARTIAL,0,1,1,2,6,3,48.98,PARTIAL_ACTION_SEQUENCE_READY,GRAPH_COMPILATION_FAILURE,,,5,True,COMPLETE,True,True,,False,1,True,22,,,False,0,4,2,0.5,False,True,"[""Unresolved roles: [{'code': 'AMBIGUOUS_ROLE_MAPPING', 'raw_role': {'id': 'soup_portion', 'entity_kind': 'OBJECT', 'function': 'Hot food item served in the bowl.', 'required_count': 2, 'binding_policy': 'DISTINCT', 'candidate_categories': ['soup', 'broth', 'stew', 'porridge'], 'required_properties': "", ""Unresolved required operations: [{'id': 'op_03', 'operation': 'fill_soup', 'participant_roles': ['soup_portion', 'soup_bowl'], 'semantic_capability_candidates': ['TRANSFER_CONTENT_TO_CONTAINER'], 'reason': 'NO_CAPABILITY_SIGNATURE_ACCEPTS_THESE_PARTICIPANTS', 'requirement_provenance': 'INSTRUCTION_C"", 'Unresolved required relations: [{\'raw_subject\': \'coffee_cup\', \'raw_phrase\': \'placed_on\', \'raw_object\': \'soup_bowl\', \'status\': \'UNINTERPRETABLE_REQUIRED_RELATION\', \'reason\': ""Relation text \'placed_on\' provides no semantic evidence for valid predicates [] or task causal semantics""}]']"
kitchen,K10,trial_03,False,True,,True,,True,,4,3,1,False,PARTIAL,0,0,7,1,10,4,45.64,NO_MEANINGFUL_CANDIDATE_PLAN,GRAPH_COMPILATION_FAILURE,,"('coffee_source',)",5,True,INCOMPLETE,False,False,FUNCTIONAL_ASSIGNMENT_FAILURE,False,0,False,0,,,False,0,4,0,0.0,False,True,"[""Unresolved roles: [{'code': 'AMBIGUOUS_ROLE_MAPPING', 'raw_role': {'id': 'stirring_utensil', 'entity_kind': 'OBJECT', 'function': 'Tool used to mix the coffee.', 'required_count': 2, 'binding_policy': 'DISTINCT', 'candidate_categories': ['spoon', 'stick', 'whisk'], 'required_properties': ['rigid', '"", ""Disabled/unsupported operations: [{'raw_group': {'id': 'stir_coffee', 'function': 'Stir the coffee mixture using the stirring utensil.', 'tool_role': 'stirring_utensil', 'target_role': 'cup', 'context_role': None, 'required_target_count': 2, 'usage_policy': 'DEDICATED_PER_TARGET', 'required_relation"", ""Unresolved required operations: [{'id': 'stir_coffee', 'operation': 'Stir the coffee mixture using the stirring utensil.', 'participant_roles': ['cup', 'stirring_utensil'], 'reason': 'SLOT_PARTICIPANT_HAS_NO_RUNTIME_ROLE', 'unrepresented_participants': ['stirring_utensil']}]"", 'Unresolved required relations: [{\'raw_subject\': \'coffee_source\', \'raw_phrase\': \'The coffee source and water are combined in the cup and stirred.\', \'raw_object\': \'water\', \'status\': \'UNINTERPRETABLE_REQUIRED_RELATION\', \'reason\': ""Relation text \'The coffee source and water are combined in the cup and s']"
kitchen,K11,trial_01,False,True,,True,,True,,4,4,0,False,PARTIAL,0,0,1,1,3,4,71.01,NO_MEANINGFUL_CANDIDATE_PLAN,GRAPH_COMPILATION_FAILURE,,"('water_source',)",5,True,INFEASIBLE,False,False,OBJECT_DISCOVERY_FAILURE,False,0,False,0,,,False,0,4,0,0.0,False,True,"[""Unresolved roles: [{'raw_role': {'id': 'soup_ingredient', 'entity_kind': 'OBJECT', 'function': 'Provide food for soup', 'required_count': 2, 'binding_policy': 'SHARED', 'candidate_categories': ['food', 'broth', 'solid'], 'required_properties': ['edible', 'liquid_content'], 'visible_candidates': [{'l"", ""Unresolved required operations: [{'id': 'op_stir_coffee', 'operation': 'Stir coffee beverage.', 'participant_roles': ['coffee_beverage', 'stirring_utensil'], 'semantic_capability_candidates': ['STIR_COFFEE'], 'reason': 'NO_CAPABILITY_SIGNATURE_ACCEPTS_THESE_PARTICIPANTS', 'requirement_provenance': '"", ""Unresolved required relations: [{'raw_subject': 'coffee_beverage', 'raw_phrase': 'Coffee beverage is agitated by stirring utensil.', 'raw_object': 'stirring_utensil', 'status': 'UNINTERPRETABLE_REQUIRED_RELATION', 'reason': 'Unresolved or context-only endpoint'}]""]"
kitchen,K11,trial_02,False,True,,True,,True,,4,4,1,False,PARTIAL,0,0,6,1,9,5,47.31,NO_MEANINGFUL_CANDIDATE_PLAN,GRAPH_COMPILATION_FAILURE,,"('water_source', 'coffee_container', 'soup_container')",5,True,INCOMPLETE,False,False,FUNCTIONAL_ASSIGNMENT_FAILURE,False,0,False,0,,,False,0,4,0,0.0,False,True,"[""Unresolved roles: [{'code': 'AMBIGUOUS_ROLE_MAPPING', 'raw_role': {'id': 'utensil', 'entity_kind': 'OBJECT', 'function': 'Tool for eating soup', 'required_count': 2, 'binding_policy': 'DISTINCT', 'candidate_categories': ['spoon', 'fork'], 'required_properties': ['metal', 'edible safe'], 'visible_can"", ""Disabled/unsupported operations: [{'raw_group': {'id': 'attach_utensil', 'function': 'Place utensil with soup bowl.', 'tool_role': 'utensil', 'target_role': 'bowl', 'context_role': None, 'required_target_count': 2, 'usage_policy': 'DEDICATED_PER_TARGET', 'required_relations': [], 'context_relations'"", ""Unresolved required operations: [{'id': 'attach_utensil', 'operation': 'Place utensil with soup bowl.', 'participant_roles': ['utensil', 'bowl'], 'reason': 'SLOT_PARTICIPANT_HAS_NO_RUNTIME_ROLE', 'unrepresented_participants': ['utensil']}]"", 'Unresolved required relations: [{\'raw_subject\': \'coffee_ingredient\', \'raw_phrase\': \'Coffee ingredient and water source combine in a mug.\', \'raw_object\': \'water_source\', \'status\': \'UNINTERPRETABLE_REQUIRED_RELATION\', \'reason\': ""Relation text \'Coffee ingredient and water source combine in a mug.\' prov']"
kitchen,K11,trial_03,False,True,,True,,True,,4,2,0,False,PARTIAL,0,0,6,3,6,2,43.18,PARTIAL_ACTION_SEQUENCE_READY,GRAPH_COMPILATION_FAILURE,,,5,True,COMPLETE,True,True,,False,1,True,18,,,False,0,4,2,0.5,False,True,"[""Unresolved roles: [{'code': 'AMBIGUOUS_ROLE_MAPPING', 'raw_role': {'id': 'water', 'entity_kind': 'OBJECT', 'function': 'Liquid for coffee', 'required_count': 2, 'binding_policy': 'REUSABLE', 'candidate_categories': ['liquid', 'jug', 'kettle'], 'required_properties': ['drinkable liquid'], 'visible_ca"", ""Unresolved required operations: [{'id': 'mix_coffee', 'operation': 'Add powder and water to cup', 'participant_roles': ['coffee_cup', 'coffee_powder', 'water'], 'semantic_capability_candidates': [], 'reason': 'NO_RUNTIME_CAPABILITY_MATCHES_THIS_OPERATION_PHRASE', 'requirement_provenance': 'INSTRUCTI"", 'Unresolved required relations: [{\'raw_subject\': \'coffee_cup\', \'raw_phrase\': \'Combine ingredients into cup\', \'raw_object\': \'coffee_powder\', \'status\': \'UNINTERPRETABLE_REQUIRED_RELATION\', \'reason\': ""Relation text \'Combine ingredients into cup\' provides no semantic evidence for valid predicates [] or t']"
kitchen,K12,trial_01,False,True,,True,,True,,2,3,0,False,PARTIAL,0,1,3,1,7,3,70.38,NO_MEANINGFUL_CANDIDATE_PLAN,GRAPH_COMPILATION_FAILURE,,"('coffee_source',)",5,True,INFEASIBLE,False,False,OBJECT_DISCOVERY_FAILURE,False,0,False,0,,,False,0,4,0,0.0,False,True,"[""Unresolved roles: [{'raw_role': {'id': 'soup_source', 'entity_kind': 'OBJECT', 'function': 'Source of soup', 'required_count': 2, 'binding_policy': 'REUSABLE', 'candidate_categories': ['pot', 'container'], 'required_properties': ['contains_soup'], 'visible_candidates': [], 'description': ''}, 'statu"", ""Unresolved required operations: [{'id': 'prepare_soup', 'operation': 'fill', 'participant_roles': ['soup_bowl', 'soup_source'], 'semantic_capability_candidates': ['TRANSFER_CONTENT_TO_CONTAINER'], 'reason': 'NO_CAPABILITY_SIGNATURE_ACCEPTS_THESE_PARTICIPANTS', 'requirement_provenance': 'DERIVED_FROM"", 'Unresolved required relations: [{\'raw_subject\': \'eating_utensil\', \'raw_phrase\': \'accompanies\', \'raw_object\': \'soup_bowl\', \'status\': \'UNINTERPRETABLE_REQUIRED_RELATION\', \'reason\': ""Relation text \'accompanies\' provides no semantic evidence for valid predicates [\'INSERTABLE_IN\', \'REACHES_BOTTOM\'] or ta']"
kitchen,K12,trial_02,False,True,,True,,True,,4,4,0,False,PARTIAL,0,1,1,1,6,4,48.3,NO_MEANINGFUL_CANDIDATE_PLAN,GRAPH_COMPILATION_FAILURE,,"('coffee_source',)",5,True,INFEASIBLE,False,False,OBJECT_DISCOVERY_FAILURE,False,0,False,0,,,False,0,4,0,0.0,False,True,"[""Unresolved roles: [{'raw_role': {'id': 'soup_liquid', 'entity_kind': 'OBJECT', 'function': 'Food substance to be eaten', 'required_count': 2, 'binding_policy': 'DISTINCT', 'candidate_categories': ['soup', 'broth', 'stew'], 'required_properties': ['liquid food'], 'visible_candidates': [], 'descriptio"", ""Unresolved required operations: [{'id': 'fill_soup', 'operation': 'pour', 'participant_roles': ['soup_liquid', 'soup_bowl'], 'semantic_capability_candidates': ['TRANSFER_CONTENT_TO_CONTAINER'], 'reason': 'NO_CAPABILITY_SIGNATURE_ACCEPTS_THESE_PARTICIPANTS', 'requirement_provenance': 'DERIVED_FROM_EX"", ""Unresolved required relations: [{'raw_subject': 'soup_bowl', 'raw_phrase': 'filled_with', 'raw_object': 'soup_liquid', 'status': 'UNINTERPRETABLE_REQUIRED_RELATION', 'reason': 'Unresolved or context-only endpoint'}]""]"
kitchen,K12,trial_03,False,False,MalformedVLMSpecificationError: V3 schema validation failed: 'schema_version' is a required property,False,,False,,0,0,0,False,,0,0,0,0,0,0,3.07,VLM_SPEC_FAILED,TASK_SPECIFICATION_FAILURE,SANITIZER_UNRECOVERABLE,No meaningful functional roles recovered,0,False,,False,False,,False,0,False,0,,,False,0,4,0,0.0,False,True,
kitchen,K1,trial_01,True,True,,True,,True,,4,4,0,False,PARTIAL,0,2,0,0,4,4,93.56,PARTIAL_ACTION_SEQUENCE_READY,OBJECT_DISCOVERY_FAILURE,,,5,True,PARTIAL_VERIFIED_GROUNDING,False,False,OBJECT_DISCOVERY_FAILURE,False,1,True,18,,,False,0,4,2,0.5,False,False,"[""Unresolved roles: [{'raw_role': {'id': 'soup_ingredient', 'entity_kind': 'OBJECT', 'function': 'Soup food source', 'required_count': 2, 'binding_policy': 'REUSABLE', 'candidate_categories': ['soup', 'broth', 'can', 'jar'], 'required_properties': ['edible', 'hot or cold'], 'visible_candidates': [{'la""]"
kitchen,K1,trial_02,True,True,,True,,True,,4,4,0,False,PARTIAL,0,1,1,1,6,4,62.16,NO_MEANINGFUL_CANDIDATE_PLAN,GRAPH_COMPILATION_FAILURE,,"('coffee_source', 'water_source')",5,True,INFEASIBLE,False,False,OBJECT_DISCOVERY_FAILURE,False,0,False,0,,,False,0,4,0,0.0,False,False,"[""Unresolved roles: [{'code': 'AMBIGUOUS_ROLE_MAPPING', 'raw_role': {'id': 'soup_food', 'entity_kind': 'OBJECT', 'function': 'Main dish item', 'required_count': 2, 'binding_policy': 'DISTINCT', 'candidate_categories': ['soup', 'broth'], 'required_properties': ['is liquid food'], 'visible_candidates': "", ""Unresolved required operations: [{'id': 'op3', 'operation': 'Transfer soup into soup bowl', 'participant_roles': ['soup_food', 'soup_bowl'], 'semantic_capability_candidates': ['TRANSFER_CONTENT_TO_CONTAINER'], 'reason': 'NO_CAPABILITY_SIGNATURE_ACCEPTS_THESE_PARTICIPANTS', 'requirement_provenance': "", ""Unresolved required relations: [{'raw_subject': 'soup_bowl', 'raw_phrase': 'contains', 'raw_object': 'soup_food', 'status': 'UNINTERPRETABLE_REQUIRED_RELATION', 'reason': 'Unresolved or context-only endpoint'}]""]"
kitchen,K1,trial_03,True,True,,True,,True,,0,0,4,False,PARTIAL,0,1,5,5,6,4,1335.3,NO_MEANINGFUL_CANDIDATE_PLAN,GRAPH_COMPILATION_FAILURE,,"('coffee_source', 'soup_eating_utensil')",5,True,INFEASIBLE,False,False,OBJECT_DISCOVERY_FAILURE,False,0,False,0,,,False,0,4,0,0.0,False,False,"[""Unresolved roles: [{'raw_role': {'id': 'soup', 'entity_kind': 'OBJECT', 'function': 'Food ingredient for soup', 'required_count': 2, 'binding_policy': 'DISTINCT', 'candidate_categories': ['soup can', 'soup pot', 'liquid food'], 'required_properties': ['liquid', 'edible'], 'visible_candidates': [{'la"", ""Disabled/unsupported operations: [{'raw_group': {'id': 'mixcoffee__primitive_1', 'function': 'transfer material into receiving container', 'tool_role': 'coffee', 'target_role': 'cup', 'context_role': None, 'required_target_count': 2, 'usage_policy': 'DEDICATED_PER_TARGET', 'required_relations': [], "", ""Unresolved required operations: [{'id': 'mixcoffee__primitive_1', 'operation': 'transfer material into receiving container', 'participant_roles': ['Coffee', 'Cup'], 'reason': 'SLOT_PARTICIPANT_HAS_NO_RUNTIME_ROLE', 'unrepresented_participants': ['Coffee', 'Cup']}, {'id': 'mixcoffee__primitive_2', 'o"", 'Unresolved required relations: [{\'raw_subject\': \'coffee\', \'raw_phrase\': \'Coffee and Water are combined to form a drink in a Cup.\', \'raw_object\': \'water\', \'status\': \'UNINTERPRETABLE_REQUIRED_RELATION\', \'reason\': ""Relation text \'Coffee and Water are combined to form a drink in a Cup.\' provides no sema']"
kitchen,K2,trial_01,True,True,,True,,True,,3,1,1,False,PARTIAL,0,1,1,2,5,2,50.4,PARTIAL_ACTION_SEQUENCE_READY,GRAPH_COMPILATION_FAILURE,,,0,True,COMPLETE,True,True,,False,1,True,12,,,False,0,4,1,0.25,False,False,"[""Unresolved roles: [{'code': 'AMBIGUOUS_ROLE_MAPPING', 'raw_role': {'id': 'water', 'entity_kind': 'OBJECT', 'function': 'Liquid ingredient to be mixed with coffee.', 'required_count': 2, 'binding_policy': 'SHARED', 'candidate_categories': ['liquid', 'water_source'], 'required_properties': [], 'visibl"", ""Disabled/unsupported operations: [{'raw_group': {'id': 'op2', 'function': 'stir', 'tool_role': 'stirring_implementation', 'target_role': 'coffee_cup', 'context_role': None, 'required_target_count': 2, 'usage_policy': 'SEQUENTIAL_REUSE_ALLOWED', 'required_relations': [], 'context_relations': [], 'v3_"", ""Unresolved required operations: [{'id': 'op2', 'operation': 'stir', 'participant_roles': ['coffee_cup', 'stirring_implementation'], 'reason': 'SLOT_PARTICIPANT_HAS_NO_RUNTIME_ROLE', 'unrepresented_participants': ['stirring_implementation']}, {'id': 'op1', 'operation': 'mix', 'participant_roles': ['c"", ""Unresolved required relations: [{'raw_subject': 'water', 'raw_phrase': 'contained_in', 'raw_object': 'coffee_cup', 'status': 'UNINTERPRETABLE_REQUIRED_RELATION', 'reason': 'Unresolved or context-only endpoint'}]""]"
kitchen,K2,trial_02,True,True,,True,,True,,4,4,1,False,PARTIAL,0,1,5,2,6,5,64.79,NO_MEANINGFUL_CANDIDATE_PLAN,GRAPH_COMPILATION_FAILURE,,NO_COMPLETE_FUNCTIONAL_WITNESS,5,True,INFEASIBLE,False,False,OBJECT_DISCOVERY_FAILURE,False,0,False,0,,,False,0,4,0,0.0,False,False,"[""Unresolved roles: [{'code': 'AMBIGUOUS_ROLE_MAPPING', 'raw_role': {'id': 'person', 'entity_kind': 'FIXED_TARGET', 'function': 'Recipient of the meal', 'required_count': 2, 'binding_policy': 'SHARED', 'candidate_categories': ['human', 'guest'], 'required_properties': ['capable_of_eating'], 'visible_c"", ""Disabled/unsupported operations: [{'raw_group': {'id': 'op_4', 'function': 'serve_food', 'tool_role': 'person', 'target_role': 'soup_bowl', 'context_role': None, 'required_target_count': 2, 'usage_policy': 'SEQUENTIAL_REUSE_ALLOWED', 'required_relations': [], 'context_relations': [], 'v3_slot_assign"", ""Unresolved required operations: [{'id': 'op_4', 'operation': 'serve_food', 'participant_roles': ['soup_bowl', 'person'], 'reason': 'SLOT_PARTICIPANT_HAS_NO_RUNTIME_ROLE', 'unrepresented_participants': ['person']}, {'id': 'op_3', 'operation': 'serve_beverage', 'participant_roles': ['coffee_cup', 'per"", 'Unresolved required relations: [{\'raw_subject\': \'coffee_cup\', \'raw_phrase\': \'prepared_from\', \'raw_object\': \'coffee_ingredient\', \'status\': \'UNINTERPRETABLE_REQUIRED_RELATION\', \'reason\': ""Relation text \'prepared_from\' provides no semantic evidence for valid predicates [] or task causal semantics""}, {\'']"
kitchen,K2,trial_03,True,True,,True,,True,,0,0,0,False,PARTIAL,0,1,3,1,6,0,47.38,PARTIAL_ACTION_SEQUENCE_READY,GRAPH_COMPILATION_FAILURE,,,3,True,COMPLETE,True,True,,False,1,True,8,,,False,0,4,0,0.0,False,False,"[""Unresolved roles: [{'raw_role': {'id': 'stirring_utensil', 'entity_kind': 'OBJECT', 'function': 'Tool to mix coffee ingredients.', 'required_count': 2, 'binding_policy': 'DISTINCT', 'candidate_categories': ['spoon', 'stirrer'], 'required_properties': ['rigid', 'thin_end'], 'visible_candidates': [{'l"", ""Unresolved required operations: [{'id': 'make_coffee', 'operation': 'mix_and_stir', 'participant_roles': ['coffee_cup', 'coffee_ingredient', 'water_container', 'stirring_utensil'], 'semantic_capability_candidates': ['STIR_COFFEE'], 'reason': 'NO_CAPABILITY_SIGNATURE_ACCEPTS_THESE_PARTICIPANTS', 'req"", 'Unresolved required relations: [{\'raw_subject\': \'coffee_cup\', \'raw_phrase\': \'prepared_from\', \'raw_object\': \'coffee_ingredient\', \'status\': \'UNINTERPRETABLE_REQUIRED_RELATION\', \'reason\': ""Relation text \'prepared_from\' provides no semantic evidence for valid predicates [] or task causal semantics""}, {\'']"
kitchen,K3,trial_01,True,True,,True,,True,,0,0,2,False,PARTIAL,0,1,4,4,5,2,111.9,NO_MEANINGFUL_CANDIDATE_PLAN,GRAPH_COMPILATION_FAILURE,,NO_COMPLETE_FUNCTIONAL_WITNESS,5,True,INFEASIBLE,False,False,FUNCTIONAL_ASSIGNMENT_FAILURE,False,0,False,0,,,False,0,4,0,0.0,False,False,"[""Unresolved roles: [{'raw_role': {'id': 'coffeesupply', 'entity_kind': 'OBJECT', 'function': 'Provides the coffee flavor.', 'required_count': 1, 'binding_policy': 'SHARED', 'candidate_categories': ['grounds', 'beans', 'jar', 'packet'], 'required_properties': ['contains coffee', 'dissolves/mixes in wa"", ""Disabled/unsupported operations: [{'raw_group': {'id': 'operation_2', 'function': 'Stir CoffeeContainer with StirringUtensil', 'tool_role': 'stirringutensil', 'target_role': 'coffeecontainer', 'context_role': None, 'required_target_count': 2, 'usage_policy': 'DEDICATED_PER_TARGET', 'required_relatio"", ""Unresolved required operations: [{'id': 'operation_2', 'operation': 'Stir CoffeeContainer with StirringUtensil', 'participant_roles': ['StirringUtensil', 'CoffeeContainer'], 'reason': 'SLOT_PARTICIPANT_HAS_NO_RUNTIME_ROLE', 'unrepresented_participants': ['CoffeeContainer', 'StirringUtensil']}, {'id'"", ""Unresolved required relations: [{'raw_subject': 'coffeecontainer', 'raw_phrase': 'CoffeeContainer must contain CoffeeSupply and WaterSupply', 'raw_object': 'coffeesupply', 'status': 'UNINTERPRETABLE_REQUIRED_RELATION', 'reason': 'Unresolved or context-only endpoint'}, {'raw_subject': 'coffeecontaine""]"
kitchen,K3,trial_02,True,True,,True,,True,,0,0,5,False,PARTIAL,0,1,2,5,6,5,1076.76,NO_MEANINGFUL_CANDIDATE_PLAN,GRAPH_COMPILATION_FAILURE,,NO_COMPLETE_FUNCTIONAL_WITNESS,5,True,INFEASIBLE,False,False,FUNCTIONAL_ASSIGNMENT_FAILURE,False,0,False,0,,,False,0,4,0,0.0,False,False,"[""Unresolved roles: [{'code': 'AMBIGUOUS_ROLE_MAPPING', 'raw_role': {'id': 'soup_food', 'entity_kind': 'OBJECT', 'function': 'Provide the soup substance.', 'required_count': 2, 'binding_policy': 'REUSABLE', 'candidate_categories': ['broth', 'curry', 'stew'], 'required_properties': ['edible', 'hot'], '"", ""Disabled/unsupported operations: [{'raw_group': {'id': 'add_coffee_powder', 'function': 'Pour', 'tool_role': 'coffee_powder', 'target_role': 'coffee_cup', 'context_role': None, 'required_target_count': 2, 'usage_policy': 'SEQUENTIAL_REUSE_ALLOWED', 'required_relations': [], 'context_relations': [], "", ""Unresolved required operations: [{'id': 'add_coffee_powder', 'operation': 'Pour', 'participant_roles': ['Coffee_Cup', 'Coffee_Powder'], 'reason': 'SLOT_PARTICIPANT_HAS_NO_RUNTIME_ROLE', 'unrepresented_participants': ['Coffee_Cup', 'Coffee_Powder']}, {'id': 'add_water', 'operation': 'Pour', 'particip"", ""Unresolved required relations: [{'raw_subject': 'soup_bowl', 'raw_phrase': 'Contains', 'raw_object': 'soup_food', 'status': 'UNINTERPRETABLE_REQUIRED_RELATION', 'reason': 'Unresolved or context-only endpoint'}, {'raw_subject': 'coffee_cup', 'raw_phrase': 'Used_For', 'raw_object': 'stirring_spoon', '""]"
kitchen,K3,trial_03,True,True,,True,,True,,2,1,1,False,PARTIAL,0,0,7,3,7,2,62.79,NO_MEANINGFUL_CANDIDATE_PLAN,GRAPH_COMPILATION_FAILURE,,NO_COMPLETE_FUNCTIONAL_WITNESS,5,True,INFEASIBLE,False,False,OBJECT_DISCOVERY_FAILURE,False,0,False,0,,,False,0,4,0,0.0,False,False,"[""Unresolved roles: [{'code': 'AMBIGUOUS_ROLE_MAPPING', 'raw_role': {'id': 'coffee_mug', 'entity_kind': 'OBJECT', 'function': 'Container for hot beverage', 'required_count': 2, 'binding_policy': 'DISTINCT', 'candidate_categories': ['mug', 'cup', 'tumbler'], 'required_properties': ['rigid', 'heat-resis"", ""Disabled/unsupported operations: [{'raw_group': {'id': 'deliver_soup', 'function': 'Hand soup bowl to person', 'tool_role': 'person', 'target_role': 'soup_bowl', 'context_role': None, 'required_target_count': 2, 'usage_policy': 'DEDICATED_PER_TARGET', 'required_relations': [], 'context_relations': ["", ""Unresolved required operations: [{'id': 'deliver_soup', 'operation': 'Hand soup bowl to person', 'participant_roles': ['soup_bowl', 'person'], 'reason': 'SLOT_PARTICIPANT_HAS_NO_RUNTIME_ROLE', 'unrepresented_participants': ['person']}, {'id': 'prepare_coffee', 'operation': 'Fill mug with coffee and "", ""Unresolved required relations: [{'raw_subject': 'coffee_mug', 'raw_phrase': 'Coffee mug contains coffee beans and water', 'raw_object': 'coffee_beans', 'status': 'UNINTERPRETABLE_REQUIRED_RELATION', 'reason': 'Unresolved or context-only endpoint'}, {'raw_subject': 'coffee_mug', 'raw_phrase': 'Coffee""]"
kitchen,K4,trial_01,True,True,,True,,True,,2,3,0,False,PARTIAL,0,0,3,1,5,3,91.15,NO_MEANINGFUL_CANDIDATE_PLAN,GRAPH_COMPILATION_FAILURE,,NO_COMPLETE_FUNCTIONAL_WITNESS,5,True,INFEASIBLE,False,False,OBJECT_DISCOVERY_FAILURE,False,0,False,0,,,False,0,4,0,0.0,False,False,"[""Unresolved roles: [{'raw_role': {'id': 'soup_liquid', 'entity_kind': 'OBJECT', 'function': 'Food item to be served', 'required_count': 2, 'binding_policy': 'REUSABLE', 'candidate_categories': ['broth', 'puree', 'stew'], 'required_properties': ['hot', 'savory'], 'visible_candidates': [], 'description"", ""Unresolved required operations: [{'id': 'serve_soup', 'operation': 'Place soup and add utensil', 'participant_roles': ['soup_bowl', 'soup_liquid', 'soup_utensil'], 'semantic_capability_candidates': [], 'reason': 'NO_RUNTIME_CAPABILITY_MATCHES_THIS_OPERATION_PHRASE', 'requirement_provenance': 'INSTRU"", 'Unresolved required relations: [{\'raw_subject\': \'coffee_cup\', \'raw_phrase\': \'Coffee is mixed using a stirrer\', \'raw_object\': \'stirrer\', \'status\': \'UNINTERPRETABLE_REQUIRED_RELATION\', \'reason\': ""Relation text \'Coffee is mixed using a stirrer\' provides no semantic evidence for valid predicates [] or t']"
kitchen,K4,trial_02,True,True,,True,,True,,2,1,1,False,PARTIAL,0,0,6,3,4,2,58.29,PARTIAL_ACTION_SEQUENCE_READY,GRAPH_COMPILATION_FAILURE,,,4,True,COMPLETE,True,True,,False,1,True,12,,,False,0,4,1,0.25,False,False,"[""Unresolved roles: [{'raw_role': {'id': 'stirring_tool', 'entity_kind': 'OBJECT', 'function': 'Stir coffee mixture.', 'required_count': 1, 'binding_policy': 'REUSABLE', 'candidate_categories': ['spoon', 'stick'], 'required_properties': ['rigid', 'fits in vessel'], 'visible_candidates': [{'label': 'sp"", ""Disabled/unsupported operations: [{'raw_group': {'id': 'op4', 'function': 'serve_soup', 'tool_role': 'eating_utensil', 'target_role': 'soup_vessel', 'context_role': None, 'required_target_count': 2, 'usage_policy': 'DEDICATED_PER_TARGET', 'required_relations': [], 'context_relations': [], 'v3_slot_a"", ""Unresolved required operations: [{'id': 'op4', 'operation': 'serve_soup', 'participant_roles': ['soup_vessel', 'eating_utensil'], 'reason': 'SLOT_PARTICIPANT_HAS_NO_RUNTIME_ROLE', 'unrepresented_participants': ['eating_utensil']}, {'id': 'op1', 'operation': 'retrieve_ingredients', 'participant_roles"", 'Unresolved required relations: [{\'raw_subject\': \'coffee_vessel\', \'raw_phrase\': \'contains\', \'raw_object\': \'coffee_ingredient\', \'status\': \'UNINTERPRETABLE_REQUIRED_RELATION\', \'reason\': ""Relation text \'contains\' provides no semantic evidence for valid predicates [] or task causal semantics""}, {\'raw_sub']"
kitchen,K4,trial_03,True,True,,True,,True,,4,4,0,False,PARTIAL,0,1,2,0,3,4,61.09,NO_MEANINGFUL_CANDIDATE_PLAN,GRAPH_COMPILATION_FAILURE,,"('coffee_source', 'water_source')",5,True,INFEASIBLE,False,False,OBJECT_DISCOVERY_FAILURE,False,0,False,0,,,False,0,4,0,0.0,False,False,"[""Unresolved roles: [{'raw_role': {'id': 'soup_ingredient', 'entity_kind': 'OBJECT', 'function': 'Food item for soup', 'required_count': 2, 'binding_policy': 'DISTINCT', 'candidate_categories': ['soup', 'broth', 'liquid food'], 'required_properties': ['food', 'liquid'], 'visible_candidates': [{'label'"", 'Unresolved required relations: [{\'raw_subject\': \'eating_utensil\', \'raw_phrase\': \'ACCOMPANIES\', \'raw_object\': \'soup_bowl\', \'status\': \'UNINTERPRETABLE_REQUIRED_RELATION\', \'reason\': ""Relation text \'ACCOMPANIES\' provides no semantic evidence for valid predicates [\'INSERTABLE_IN\', \'REACHES_BOTTOM\'] or ta']"
kitchen,K5,trial_01,True,True,,True,,True,,2,1,4,False,PARTIAL,0,0,8,6,8,5,90.22,NO_MEANINGFUL_CANDIDATE_PLAN,GRAPH_COMPILATION_FAILURE,,"('coffee_source',)",5,True,INCOMPLETE,False,False,FUNCTIONAL_ASSIGNMENT_FAILURE,False,0,False,0,,,False,0,4,0,0.0,False,False,"[""Unresolved roles: [{'code': 'AMBIGUOUS_ROLE_MAPPING', 'raw_role': {'id': 'stirring_utensil', 'entity_kind': 'OBJECT', 'function': 'Tool for mixing coffee', 'required_count': 1, 'binding_policy': 'REUSABLE', 'candidate_categories': ['spoon', 'stick'], 'required_properties': ['rigid', 'small enough to"", ""Disabled/unsupported operations: [{'raw_group': {'id': 'prep_coffee__primitive_1', 'function': 'transfer material into receiving container', 'tool_role': 'coffee_ingredient', 'target_role': 'cooking_vessel', 'context_role': None, 'required_target_count': 2, 'usage_policy': 'SEQUENTIAL_REUSE_ALLOWED'"", ""Unresolved required operations: [{'id': 'prep_coffee__primitive_1', 'operation': 'transfer material into receiving container', 'participant_roles': ['coffee_ingredient', 'cooking_vessel'], 'reason': 'SLOT_PARTICIPANT_HAS_NO_RUNTIME_ROLE', 'unrepresented_participants': ['cooking_vessel']}, {'id': 'pr"", ""Unresolved required relations: [{'raw_subject': 'cooking_vessel', 'raw_phrase': 'mixed_in', 'raw_object': 'coffee_ingredient', 'status': 'UNINTERPRETABLE_REQUIRED_RELATION', 'reason': 'Unresolved or context-only endpoint'}, {'raw_subject': 'cooking_vessel', 'raw_phrase': 'mixed_in', 'raw_object': 'w""]"
kitchen,K5,trial_02,True,True,,True,,True,,4,4,0,False,PARTIAL,0,1,3,0,4,4,47.12,PARTIAL_ACTION_SEQUENCE_READY,GRAPH_COMPILATION_FAILURE,,,2,True,COMPLETE,True,True,,False,1,True,24,,,False,0,4,4,1.0,True,True,"[""Unresolved roles: [{'raw_role': {'id': 'soup_ingredient', 'entity_kind': 'OBJECT', 'function': 'Substance to be eaten as soup', 'required_count': 1, 'binding_policy': 'SHARED', 'candidate_categories': ['soup_can', 'soup_pot', 'food_bag'], 'required_properties': ['is_soup'], 'visible_candidates': [],"", 'Unresolved required relations: [{\'raw_subject\': \'coffee_cup\', \'raw_phrase\': \'prepared_by_combination\', \'raw_object\': \'coffee_ingredient\', \'status\': \'UNINTERPRETABLE_REQUIRED_RELATION\', \'reason\': ""Relation text \'prepared_by_combination\' provides no semantic evidence for valid predicates [] or task ca']"
kitchen,K5,trial_03,True,True,,True,,True,,2,3,0,False,PARTIAL,0,0,2,1,5,3,45.79,PARTIAL_ACTION_SEQUENCE_READY,GRAPH_COMPILATION_FAILURE,,,3,True,COMPLETE,True,True,,False,1,True,20,,,False,0,4,2,0.5,False,False,"[""Unresolved roles: [{'code': 'AMBIGUOUS_ROLE_MAPPING', 'raw_role': {'id': 'soup_content', 'entity_kind': 'OBJECT', 'function': 'The food substance served in the bowl.', 'required_count': 2, 'binding_policy': 'SHARED', 'candidate_categories': ['soup', 'broth', 'stew'], 'required_properties': ['edible "", ""Unresolved required operations: [{'id': 'serve_soup_set', 'operation': 'Place utensil with filled bowl', 'participant_roles': ['soup_bowl', 'soup_content', 'eating_utensil'], 'semantic_capability_candidates': ['PROVIDE_SOUP_EATING_UTENSIL'], 'reason': 'NO_CAPABILITY_SIGNATURE_ACCEPTS_THESE_PARTICIPA"", 'Unresolved required relations: [{\'raw_subject\': \'eating_utensil\', \'raw_phrase\': \'holds_and_accompanies\', \'raw_object\': \'soup_bowl\', \'status\': \'UNINTERPRETABLE_REQUIRED_RELATION\', \'reason\': ""Relation text \'holds_and_accompanies\' provides no semantic evidence for valid predicates [\'INSERTABLE_IN\', \'RE']"
kitchen,K6,trial_01,True,True,,True,,True,,4,4,1,False,PARTIAL,0,2,4,3,7,5,76.15,PARTIAL_ACTION_SEQUENCE_READY,GRAPH_COMPILATION_FAILURE,,,5,True,COMPLETE,True,True,,False,1,True,26,,,False,0,4,4,1.0,True,True,"[""Unresolved roles: [{'code': 'AMBIGUOUS_ROLE_MAPPING', 'raw_role': {'id': 'soup_liquid', 'entity_kind': 'OBJECT', 'function': 'Liquid food component', 'required_count': 2, 'binding_policy': 'SHARED', 'candidate_categories': ['broth', 'liquid_food'], 'required_properties': ['liquid', 'edible'], 'visib"", ""Disabled/unsupported operations: [{'raw_group': {'id': 'op_007', 'function': 'serve_soup', 'tool_role': 'recipient_person', 'target_role': 'soup_bowl', 'context_role': None, 'required_target_count': 2, 'usage_policy': 'DEDICATED_PER_TARGET', 'required_relations': [], 'context_relations': [], 'v3_slo"", ""Unresolved required operations: [{'id': 'op_007', 'operation': 'serve_soup', 'participant_roles': ['soup_bowl', 'recipient_person'], 'reason': 'SLOT_PARTICIPANT_HAS_NO_RUNTIME_ROLE', 'unrepresented_participants': ['recipient_person']}, {'id': 'op_004', 'operation': 'serve_coffee', 'participant_roles"", 'Unresolved required relations: [{\'raw_subject\': \'coffee_cup\', \'raw_phrase\': \'mixed_with\', \'raw_object\': \'coffee_source\', \'status\': \'UNINTERPRETABLE_REQUIRED_RELATION\', \'reason\': ""Relation text \'mixed_with\' provides no semantic evidence for valid predicates [] or task causal semantics""}, {\'raw_subjec']"
kitchen,K6,trial_02,True,True,,True,,True,,2,1,0,False,PARTIAL,0,0,5,2,8,1,57.48,NO_MEANINGFUL_CANDIDATE_PLAN,GRAPH_COMPILATION_FAILURE,,"('soup_container',)",5,True,INCOMPLETE,False,False,FUNCTIONAL_ASSIGNMENT_FAILURE,False,0,False,0,,,False,0,4,0,0.0,False,False,"[""Unresolved roles: [{'raw_role': {'id': 'coffee_source', 'entity_kind': 'OBJECT', 'function': 'Provides coffee powder or beans for the mixture.', 'required_count': 1, 'binding_policy': 'SHARED', 'candidate_categories': ['jar', 'canister', 'bag'], 'required_properties': ['contains coffee'], 'visible_c"", ""Unresolved required operations: [{'id': 'retrieve_coffee', 'operation': 'Retrieve coffee_source from storage_unit.', 'participant_roles': ['coffee_source', 'storage_unit'], 'semantic_capability_candidates': [], 'reason': 'NO_RUNTIME_CAPABILITY_MATCHES_THIS_OPERATION_PHRASE', 'requirement_provenance'"", ""Unresolved required relations: [{'raw_subject': 'coffee_cup', 'raw_phrase': 'The coffee_cup must contain the mixed coffee and be placed on the table.', 'raw_object': 'coffee_source', 'status': 'UNINTERPRETABLE_REQUIRED_RELATION', 'reason': 'Unresolved or context-only endpoint'}, {'raw_subject': 'cof""]"
kitchen,K6,trial_03,True,True,,True,,True,,4,4,0,False,PARTIAL,0,0,3,0,7,4,53.49,NO_MEANINGFUL_CANDIDATE_PLAN,GRAPH_COMPILATION_FAILURE,,"({'group': 'coffee_stirring', 'tool': 'object_0007', 'target': 'object_0001', 'subject_id': 'object_0007', 'object_id': 'object_0001', 'predicate': 'INSERTABLE_IN', 'status': 'FALSE'}, {'group': 'coffee_stirring', 'tool': 'object_0008', 'target': 'object_0006', 'subject_id': 'object_0008', 'object_id': 'object_0006', 'predicate': 'REACHES_BOTTOM', 'status': 'FALSE'}, {'group': 'coffee_stirring', 'tool': 'object_0007', 'target': 'object_0004', 'subject_id': 'object_0007', 'object_id': 'object_0004', 'predicate': 'INSERTABLE_IN', 'status': 'FALSE'}, {'group': 'coffee_stirring', 'tool': 'object_0",5,True,INCOMPLETE,False,False,FUNCTIONAL_ASSIGNMENT_FAILURE,False,0,False,0,,,False,0,4,0,0.0,False,False,"[""Unresolved roles: [{'raw_role': {'id': 'soup_ingredient', 'entity_kind': 'OBJECT', 'function': 'Supplies soup liquid/base', 'required_count': 1, 'binding_policy': 'SHARED', 'candidate_categories': ['soup pot', 'can', 'container'], 'required_properties': ['contains soup liquid'], 'visible_candidates'"", 'Unresolved required relations: [{\'raw_subject\': \'stirring_utensil\', \'raw_phrase\': \'stirring_utensil is used to agitate coffee_cup contents\', \'raw_object\': \'coffee_cup\', \'status\': \'UNINTERPRETABLE_REQUIRED_RELATION\', \'reason\': ""Relation text \'stirring_utensil is used to agitate coffee_cup contents\' p']"
kitchen,K7,trial_01,False,True,,True,,True,,2,3,1,False,PARTIAL,0,0,3,1,5,4,82.35,NO_MEANINGFUL_CANDIDATE_PLAN,GRAPH_COMPILATION_FAILURE,,"('coffee_source',)",5,True,INFEASIBLE,False,False,OBJECT_DISCOVERY_FAILURE,False,0,False,0,,,False,0,4,0,0.0,False,True,"[""Unresolved roles: [{'raw_role': {'id': 'soup', 'entity_kind': 'OBJECT', 'function': 'Food item to be served.', 'required_count': 2, 'binding_policy': 'DISTINCT', 'candidate_categories': ['broth', 'stew', 'liquid_food'], 'required_properties': ['edible', 'hot_or_cold'], 'visible_candidates': [], 'des"", ""Disabled/unsupported operations: [{'raw_group': {'id': 'provide_utensil', 'function': 'place_near', 'tool_role': 'spoon', 'target_role': 'soup_bowl', 'context_role': None, 'required_target_count': 2, 'usage_policy': 'SEQUENTIAL_REUSE_ALLOWED', 'required_relations': [], 'context_relations': [], 'v3_s"", ""Unresolved required operations: [{'id': 'fill_soup', 'operation': 'pour_into', 'participant_roles': ['soup_bowl', 'soup'], 'semantic_capability_candidates': ['TRANSFER_CONTENT_TO_CONTAINER'], 'reason': 'NO_CAPABILITY_SIGNATURE_ACCEPTS_THESE_PARTICIPANTS', 'requirement_provenance': 'DERIVED_FROM_EXPL"", ""Unresolved required relations: [{'raw_subject': 'soup_bowl', 'raw_phrase': 'contains', 'raw_object': 'soup', 'status': 'UNINTERPRETABLE_REQUIRED_RELATION', 'reason': 'Unresolved or context-only endpoint'}, {'raw_subject': 'coffee_cup', 'raw_phrase': 'uses_for_action', 'raw_object': 'spoon', 'status'""]"
kitchen,K7,trial_02,False,True,,True,,True,,2,1,0,False,PARTIAL,0,0,7,2,9,1,51.31,NO_MEANINGFUL_CANDIDATE_PLAN,GRAPH_COMPILATION_FAILURE,,"('water_source',)",5,True,INFEASIBLE,False,False,OBJECT_DISCOVERY_FAILURE,False,0,False,0,,,False,0,4,0,0.0,False,True,"[""Unresolved roles: [{'raw_role': {'id': 'coffee_ingredient', 'entity_kind': 'OBJECT', 'function': 'Main component of coffee mixture', 'required_count': 2, 'binding_policy': 'DISTINCT', 'candidate_categories': ['beans', 'grounds'], 'required_properties': ['dry', 'soluble'], 'visible_candidates': [], '"", ""Unresolved required operations: [{'id': 'operation_1', 'operation': 'mix', 'participant_roles': ['coffee_ingredient', 'water_ingredient', 'cup'], 'semantic_capability_candidates': ['STIR_COFFEE'], 'reason': 'NO_CAPABILITY_SIGNATURE_ACCEPTS_THESE_PARTICIPANTS', 'requirement_provenance': 'DERIVED_FROM"", ""Unresolved required relations: [{'raw_subject': 'coffee_ingredient', 'raw_phrase': 'combine', 'raw_object': 'water_ingredient', 'status': 'UNINTERPRETABLE_REQUIRED_RELATION', 'reason': 'Unresolved or context-only endpoint'}, {'raw_subject': 'coffee_ingredient', 'raw_phrase': 'combine', 'raw_object':""]"
kitchen,K7,trial_03,False,True,,True,,True,,4,4,0,False,PARTIAL,0,1,0,0,5,4,52.57,PARTIAL_ACTION_SEQUENCE_READY,OBJECT_DISCOVERY_FAILURE,,,5,True,PARTIAL_VERIFIED_GROUNDING,False,False,OBJECT_DISCOVERY_FAILURE,False,1,True,4,,,False,0,4,0,0.0,False,True,"[""Unresolved roles: [{'raw_role': {'id': 'soup_source', 'entity_kind': 'OBJECT', 'function': 'Provides the soup food component', 'required_count': 2, 'binding_policy': 'DISTINCT', 'candidate_categories': ['soup can', 'soup pot', 'prepared soup'], 'required_properties': ['liquid food'], 'visible_candid""]"
kitchen,K8,trial_01,False,False,MalformedVLMSpecificationError: UNDECLARED_PARTICIPANT: operation_pairings[4] references ['Person'],False,,False,,0,0,0,False,,0,0,0,0,0,0,4.29,VLM_SPEC_FAILED,TASK_SPECIFICATION_FAILURE,MALFORMED_VLM_SPECIFICATION,UNDECLARED_PARTICIPANT: operation_pairings[4] references ['Person'],0,False,,False,False,,False,0,False,0,,,False,0,4,0,0.0,False,True,
kitchen,K8,trial_02,False,True,,True,,True,,0,0,2,False,PARTIAL,0,0,7,5,7,2,67.44,NO_MEANINGFUL_CANDIDATE_PLAN,GRAPH_COMPILATION_FAILURE,,"('soup_container',)",5,True,INFEASIBLE,False,False,OBJECT_DISCOVERY_FAILURE,False,0,False,0,,,False,0,4,0,0.0,False,True,"[""Unresolved roles: [{'code': 'AMBIGUOUS_ROLE_MAPPING', 'raw_role': {'id': 'coffee_cup', 'entity_kind': 'OBJECT', 'function': 'Container for coffee', 'required_count': 2, 'binding_policy': 'DISTINCT', 'candidate_categories': ['mug', 'cup'], 'required_properties': ['holds liquid'], 'visible_candidates'"", ""Disabled/unsupported operations: [{'raw_group': {'id': 'stir_coffee', 'function': 'stir_coffee', 'tool_role': 'stirring_spoon', 'target_role': 'coffee_cup', 'context_role': None, 'required_target_count': 2, 'usage_policy': 'DEDICATED_PER_TARGET', 'required_relations': [], 'context_relations': [], 'v"", ""Unresolved required operations: [{'id': 'stir_coffee', 'operation': 'stir_coffee', 'participant_roles': ['coffee_cup', 'stirring_spoon'], 'reason': 'SLOT_PARTICIPANT_HAS_NO_RUNTIME_ROLE', 'unrepresented_participants': ['coffee_cup']}, {'id': 'provide_utensil', 'operation': 'place_utensil', 'particip"", ""Unresolved required relations: [{'raw_subject': 'coffee_cup', 'raw_phrase': 'contains', 'raw_object': 'coffee_ingredient', 'status': 'UNINTERPRETABLE_REQUIRED_RELATION', 'reason': 'Unresolved or context-only endpoint'}, {'raw_subject': 'coffee_cup', 'raw_phrase': 'contains', 'raw_object': 'water', '""]"
kitchen,K8,trial_03,False,True,,True,,True,,2,3,0,False,PARTIAL,0,0,2,1,4,3,51.15,NO_MEANINGFUL_CANDIDATE_PLAN,GRAPH_COMPILATION_FAILURE,,"('coffee_source', 'water_source', 'soup_container')",5,True,INFEASIBLE,False,False,OBJECT_DISCOVERY_FAILURE,False,0,False,0,,,False,0,4,0,0.0,False,True,"[""Unresolved roles: [{'code': 'AMBIGUOUS_ROLE_MAPPING', 'raw_role': {'id': 'soup_bowl', 'entity_kind': 'OBJECT', 'function': 'Container for soup', 'required_count': 2, 'binding_policy': 'DISTINCT', 'candidate_categories': ['bowl', 'dish'], 'required_properties': ['hollow', 'heat resistant'], 'visible_"", ""Unresolved required operations: [{'id': 'serve_soup', 'operation': 'place_with_utensil', 'participant_roles': ['soup_bowl', 'soup', 'eating_utensil'], 'semantic_capability_candidates': [], 'reason': 'NO_RUNTIME_CAPABILITY_MATCHES_THIS_OPERATION_PHRASE', 'requirement_provenance': 'INSTRUCTION_CLAUSE_"", ""Unresolved required relations: [{'raw_subject': 'eating_utensil', 'raw_phrase': 'paired_with', 'raw_object': 'soup_bowl', 'status': 'UNINTERPRETABLE_REQUIRED_RELATION', 'reason': 'Unresolved or context-only endpoint'}, {'raw_subject': 'coffee_cup', 'raw_phrase': 'acted_upon_by', 'raw_object': 'stirr""]"
kitchen,K9,trial_01,False,True,,True,,True,,0,0,0,False,PARTIAL,0,1,4,2,4,0,77.36,PARTIAL_ACTION_SEQUENCE_READY,GRAPH_COMPILATION_FAILURE,,,5,True,COMPLETE,True,True,,False,1,True,8,,,False,0,4,0,0.0,False,True,"[""Unresolved roles: [{'raw_role': {'id': 'eating_utensil', 'entity_kind': 'OBJECT', 'function': 'Used to eat the soup', 'required_count': 2, 'binding_policy': 'DISTINCT', 'candidate_categories': ['spoon', 'fork'], 'required_properties': ['fits_in_bowl', 'edible_tool'], 'visible_candidates': [], 'descr"", ""Unresolved required operations: [{'id': 'prepare_coffee_mixture', 'operation': 'fill_and_mix', 'participant_roles': ['coffee_cup', 'coffee_source', 'water_source', 'stirring_utensil'], 'semantic_capability_candidates': ['TRANSFER_CONTENT_TO_CONTAINER'], 'reason': 'NO_CAPABILITY_SIGNATURE_ACCEPTS_THE"", 'Unresolved required relations: [{\'raw_subject\': \'coffee_cup\', \'raw_phrase\': \'contains\', \'raw_object\': \'water_source\', \'status\': \'UNINTERPRETABLE_REQUIRED_RELATION\', \'reason\': ""Relation text \'contains\' provides no semantic evidence for valid predicates [] or task causal semantics""}, {\'raw_subject\': \'']"
kitchen,K9,trial_02,False,True,,True,,True,,4,4,0,False,PARTIAL,0,0,2,0,4,4,54.05,PARTIAL_ACTION_SEQUENCE_READY,OBJECT_DISCOVERY_FAILURE,,,5,True,PARTIAL_VERIFIED_GROUNDING,False,False,OBJECT_DISCOVERY_FAILURE,False,1,True,22,,,False,0,4,2,0.5,False,True,"['Unresolved required relations: [{\'raw_subject\': \'coffee_cup\', \'raw_phrase\': \'acted_upon_by\', \'raw_object\': \'stirring_spoon\', \'status\': \'UNINTERPRETABLE_REQUIRED_RELATION\', \'reason\': ""Relation text \'acted_upon_by\' provides no semantic evidence for valid predicates [] or task causal semantics""}, {\'raw']"
kitchen,K9,trial_03,False,True,,True,,True,,2,1,1,False,PARTIAL,1,0,5,5,9,3,47.04,NO_MEANINGFUL_CANDIDATE_PLAN,GRAPH_COMPILATION_FAILURE,,NO_COMPLETE_FUNCTIONAL_WITNESS,5,True,INFEASIBLE,False,False,FUNCTIONAL_ASSIGNMENT_FAILURE,False,0,False,0,,,False,0,4,0,0.0,False,True,"[""Unresolved roles: [{'code': 'AMBIGUOUS_ROLE_MAPPING', 'raw_role': {'id': 'eating_utensil', 'entity_kind': 'OBJECT', 'function': 'Tool for eating the soup', 'required_count': 2, 'binding_policy': 'DISTINCT', 'candidate_categories': ['spoon', 'fork', 'chopsticks'], 'required_properties': ['handle', 't"", ""Disabled/unsupported operations: [{'raw_group': {'id': 'pair_soup', 'function': 'place', 'tool_role': 'eating_utensil', 'target_role': 'soup_bowl', 'context_role': None, 'required_target_count': 2, 'usage_policy': 'DEDICATED_PER_TARGET', 'required_relations': [], 'context_relations': [], 'v3_slot_as"", ""Unresolved required operations: [{'id': 'pair_soup', 'operation': 'place', 'participant_roles': ['eating_utensil', 'soup_bowl'], 'reason': 'SLOT_PARTICIPANT_HAS_NO_RUNTIME_ROLE', 'unrepresented_participants': ['eating_utensil']}, {'id': 'prep_coffee', 'operation': 'retrieve', 'participant_roles': ['"", 'Unresolved required relations: [{\'raw_subject\': \'water\', \'raw_phrase\': \'mixed_with\', \'raw_object\': \'coffee_ingredient\', \'status\': \'UNINTERPRETABLE_REQUIRED_RELATION\', \'reason\': ""Relation text \'mixed_with\' provides no semantic evidence for valid predicates [] or task causal semantics""}, {\'raw_subject']"
living_room,L10,trial_01,False,True,,True,,True,,0,1,0,False,FULL,0,0,0,1,2,1,16.83,INFEASIBLE,GRAPH_COMPILATION_FAILURE,,"('CUP_SAUCER_SET', 'SHARED_REMOTE_REGION', 'SEATING_POSITION')",0,True,INFEASIBLE,False,False,OBJECT_DISCOVERY_FAILURE,False,0,False,0,,,False,0,3,0,0.0,False,True,"[""Unresolved required operations: [{'id': 'set_refreshments', 'operation': 'Place refreshment settings on the surface.', 'participant_roles': ['refreshment_setting', 'surface', 'person'], 'semantic_capability_candidates': ['SUPPORT_DRINKWARE'], 'reason': 'NO_CAPABILITY_SIGNATURE_ACCEPTS_THESE_PARTICIP""]"
living_room,L10,trial_02,False,True,,True,,True,,0,1,1,False,PARTIAL,0,0,0,0,0,2,13.17,INFEASIBLE,GRAPH_COMPILATION_FAILURE,,"('CUP_SAUCER_SET', 'PERSONAL_CUP_SAUCER_REGION', 'SEATING_POSITION')",0,True,INFEASIBLE,False,False,OBJECT_DISCOVERY_FAILURE,False,0,False,0,,,False,0,3,0,0.0,False,True,"[""Disabled/unsupported operations: [{'raw_group': {'id': 'position_remote', 'function': 'place_remote_control', 'tool_role': 'surface', 'target_role': 'entertainment_control', 'context_role': 'op_slot__position_remote__anchor', 'required_target_count': 1, 'usage_policy': 'SEQUENTIAL_REUSE_ALLOWED', 'r""]"
living_room,L10,trial_03,False,True,,True,,True,,0,0,2,False,PARTIAL,0,0,3,1,2,2,12.15,INFEASIBLE,GRAPH_COMPILATION_FAILURE,,"('REMOTE', 'SHARED_REMOTE_REGION', 'SEATING_POSITION')",0,True,INFEASIBLE,False,False,OBJECT_DISCOVERY_FAILURE,False,0,False,0,,,False,0,3,0,0.0,False,True,"[""Unresolved roles: [{'code': 'AMBIGUOUS_ROLE_MAPPING', 'raw_role': {'id': 'entertainment_control', 'entity_kind': 'OBJECT', 'function': 'A device to operate the television, such as a remote control.', 'required_count': 1, 'binding_policy': 'SHARED', 'candidate_categories': ['remote', 'controller'], '"", ""Disabled/unsupported operations: [{'raw_group': {'id': 'set_refreshments', 'function': 'place_refreshment_setting', 'tool_role': 'surface', 'target_role': 'refreshment_setting', 'context_role': 'op_slot__set_refreshments__anchor', 'required_target_count': 2, 'usage_policy': 'DEDICATED_PER_TARGET', '"", ""Unresolved required operations: [{'id': 'move_control', 'operation': 'move_entertainment_control', 'participant_roles': ['entertainment_control', 'surface', 'op_slot__move_control__anchor'], 'reason': 'SLOT_PARTICIPANT_HAS_NO_RUNTIME_ROLE', 'unrepresented_participants': ['entertainment_control']}]"", ""Unresolved required relations: [{'raw_subject': 'surface', 'raw_phrase': 'positioned_on', 'raw_object': 'entertainment_control', 'status': 'UNINTERPRETABLE_REQUIRED_RELATION', 'reason': 'Unresolved or context-only endpoint'}, {'id': 'refreshment_proximity', 'relation': 'positioned_near', 'participan""]"
living_room,L1,trial_01,True,True,,True,,True,,1,1,0,False,FULL,0,0,0,1,1,1,21.29,INFEASIBLE,GRAPH_COMPILATION_FAILURE,,"('SEATING_POSITION',)",0,True,INFEASIBLE,False,False,OBJECT_DISCOVERY_FAILURE,False,0,False,0,,,False,0,3,0,0.0,False,False,"[""Unresolved required operations: [{'id': 'prepare_refreshment_settings', 'operation': 'arrange_refreshment_setting', 'participant_roles': ['refreshment_setting', 'seating_area'], 'semantic_capability_candidates': [], 'reason': 'NO_RUNTIME_CAPABILITY_MATCHES_THIS_OPERATION_PHRASE', 'requirement_proven""]"
living_room,L1,trial_02,True,True,,True,,True,,0,2,0,True,FULL,0,0,0,0,1,2,18.45,PARTIAL_ACTION_SEQUENCE_READY,FUNCTIONAL_ASSIGNMENT_FAILURE,,,0,True,PARTIAL_VERIFIED_GROUNDING,False,False,FUNCTIONAL_ASSIGNMENT_FAILURE,False,1,True,6,VALID,GOAL_SATISFIED,False,0,3,1,0.3333,False,False,[]
living_room,L1,trial_03,True,True,,True,,True,,0,2,0,True,FULL,0,0,0,0,0,2,14.95,ACTION_SEQUENCE_READY,SUCCESS,,,0,True,COMPLETE,True,True,,True,1,True,6,VALID,GOAL_SATISFIED,True,0,3,2,0.6667,False,False,[]
living_room,L2,trial_01,True,True,,True,,True,,0,2,0,True,FULL,0,0,0,0,0,2,21.16,PARTIAL_ACTION_SEQUENCE_READY,FUNCTIONAL_ASSIGNMENT_FAILURE,,,0,True,PARTIAL_VERIFIED_GROUNDING,False,False,FUNCTIONAL_ASSIGNMENT_FAILURE,False,1,True,4,VALID,GOAL_SATISFIED,False,0,3,1,0.3333,False,False,[]
living_room,L2,trial_02,True,False,MalformedVLMSpecificationError: V3 schema validation failed: 'schema_version' is a required property,False,,False,,0,0,0,False,,0,0,0,0,0,0,0.43,VLM_SPEC_FAILED,TASK_SPECIFICATION_FAILURE,SANITIZER_UNRECOVERABLE,No meaningful functional roles recovered,0,False,,False,False,,False,0,False,0,,,False,0,3,0,0.0,False,False,
living_room,L2,trial_03,True,True,,True,,True,,0,2,0,True,FULL,0,0,0,0,3,2,14.68,ACTION_SEQUENCE_READY,SUCCESS,,,0,True,COMPLETE,True,True,,True,1,True,8,VALID,GOAL_SATISFIED,True,0,3,3,1.0,True,True,[]
living_room,L3,trial_01,True,False,MalformedVLMSpecificationError: V3 schema validation failed: 'schema_version' is a required property,False,,False,,0,0,0,False,,0,0,0,0,0,0,0.43,VLM_SPEC_FAILED,TASK_SPECIFICATION_FAILURE,SANITIZER_UNRECOVERABLE,No meaningful functional roles recovered,0,False,,False,False,,False,0,False,0,,,False,0,3,0,0.0,False,False,
living_room,L3,trial_02,True,False,MalformedVLMSpecificationError: V3 schema validation failed: 'schema_version' is a required property,False,,False,,0,0,0,False,,0,0,0,0,0,0,0.4,VLM_SPEC_FAILED,TASK_SPECIFICATION_FAILURE,SANITIZER_UNRECOVERABLE,No meaningful functional roles recovered,0,False,,False,False,,False,0,False,0,,,False,0,3,0,0.0,False,False,
living_room,L3,trial_03,True,True,,True,,True,,0,1,0,False,FULL,0,0,1,1,2,1,13.92,PARTIAL_ACTION_SEQUENCE_READY,GRAPH_COMPILATION_FAILURE,,,0,True,COMPLETE,True,True,,False,1,True,8,VALID,GOAL_SATISFIED,False,0,3,2,0.6667,False,False,"[""Unresolved required operations: [{'id': 'position_remote', 'operation': 'place', 'participant_roles': ['entertainment_control', 'surface'], 'semantic_capability_candidates': ['SUPPORT_DRINKWARE', 'SUPPORT_ENTERTAINMENT_CONTROL'], 'reason': 'NO_CAPABILITY_SIGNATURE_ACCEPTS_THESE_PARTICIPANTS', 'requi"", ""Unresolved required relations: [{'id': 'control_accessible', 'relation': 'accessible_to', 'participant_roles': ['entertainment_control', 'chair'], 'reason': 'NO_LEGAL_ORIENTATION_FOR_PARTICIPANTS', 'requirement_provenance': 'INSTRUCTION_CLAUSE_SUPPORT', 'status': 'UNRESOLVED_REQUIRED_SEMANTIC'}]""]"
living_room,L4,trial_01,True,True,,True,,True,,0,2,0,True,FULL,0,0,0,0,1,2,20.44,ACTION_SEQUENCE_READY,SUCCESS,,,0,True,COMPLETE,True,True,,True,1,True,6,VALID,GOAL_SATISFIED,True,0,3,2,0.6667,False,False,[]
living_room,L4,trial_02,True,True,,True,,True,,0,1,1,False,PARTIAL,0,0,0,0,2,2,19.75,PARTIAL_ACTION_SEQUENCE_READY,GRAPH_COMPILATION_FAILURE,,,0,True,COMPLETE,True,True,,False,1,True,8,VALID,GOAL_SATISFIED,False,0,3,2,0.6667,False,False,"[""Disabled/unsupported operations: [{'raw_group': {'id': 'position_control', 'function': 'move_to', 'tool_role': 'surface', 'target_role': 'entertainment_control', 'context_role': 'op_slot__position_control__anchor', 'required_target_count': 1, 'usage_policy': 'DEDICATED_PER_TARGET', 'required_relatio""]"
living_room,L4,trial_03,True,True,,True,,True,,0,2,0,True,FULL,0,0,0,0,2,2,13.65,ACTION_SEQUENCE_READY,SUCCESS,,,0,True,COMPLETE,True,True,,True,1,True,10,VALID,GOAL_SATISFIED,True,0,3,3,1.0,True,True,[]
living_room,L5,trial_01,True,True,,True,,True,,0,2,0,True,FULL,0,0,0,0,1,2,23.59,ACTION_SEQUENCE_READY,SUCCESS,,,0,True,COMPLETE,True,True,,True,1,True,8,VALID,GOAL_SATISFIED,True,0,3,3,1.0,True,True,[]
living_room,L5,trial_02,True,True,,True,,True,,0,2,0,True,FULL,0,0,0,0,2,2,18.67,ACTION_SEQUENCE_READY,SUCCESS,,,0,True,COMPLETE,True,True,,True,1,True,4,VALID,GOAL_SATISFIED,True,0,3,2,0.6667,False,False,[]
living_room,L5,trial_03,True,True,,True,,True,,0,0,0,False,PARTIAL,0,0,8,2,8,0,13.27,NO_MEANINGFUL_CANDIDATE_PLAN,GRAPH_COMPILATION_FAILURE,,UNINSTANTIABLE_MISSING_RELATION: no expressed verified placement requirement,0,True,COMPLETE,True,True,,False,0,False,0,,,False,0,3,0,0.0,False,False,"[""Unresolved roles: [{'code': 'AMBIGUOUS_ROLE_MAPPING', 'raw_role': {'id': 'food_vessel', 'entity_kind': 'OBJECT', 'function': 'Holds food for consumption', 'required_count': 2, 'binding_policy': 'DISTINCT', 'candidate_categories': ['plate', 'bowl'], 'required_properties': ['holds food'], 'visible_can"", ""Unresolved required operations: [{'id': 'create_refreshment_setting', 'operation': 'place_items_on_surface', 'participant_roles': ['drink_vessel', 'food_vessel', 'placement_surface'], 'semantic_capability_candidates': ['SUPPORT_DRINKWARE', 'SUPPORT_ENTERTAINMENT_CONTROL'], 'reason': 'NO_CAPABILITY_S"", ""Unresolved required relations: [{'raw_subject': 'drink_vessel', 'raw_phrase': 'complementary_pair', 'raw_object': 'food_vessel', 'status': 'UNINTERPRETABLE_REQUIRED_RELATION', 'reason': 'Unresolved or context-only endpoint'}, {'raw_subject': 'drink_vessel', 'raw_phrase': 'spatial_support', 'raw_obje""]"
living_room,L6,trial_01,True,True,,True,,True,,0,0,0,False,PARTIAL,0,0,2,2,2,0,17.07,NO_MEANINGFUL_CANDIDATE_PLAN,GRAPH_COMPILATION_FAILURE,,UNINSTANTIABLE_MISSING_RELATION: no expressed verified placement requirement,0,True,COMPLETE,True,True,,False,0,False,0,,,False,0,3,0,0.0,False,False,"[""Unresolved required operations: [{'id': 'provide_refreshment_settings', 'operation': 'place', 'participant_roles': ['refreshment_setting', 'surface'], 'semantic_capability_candidates': ['SUPPORT_DRINKWARE', 'SUPPORT_ENTERTAINMENT_CONTROL'], 'reason': 'NO_CAPABILITY_SIGNATURE_ACCEPTS_THESE_PARTICIPAN"", 'Unresolved required relations: [{\'raw_subject\': \'refreshment_setting\', \'raw_phrase\': \'is located on\', \'raw_object\': \'surface\', \'status\': \'UNINTERPRETABLE_REQUIRED_RELATION\', \'reason\': ""Relation text \'is located on\' provides no semantic evidence for valid predicates [] or task causal semantics""}, {\'r']"
living_room,L6,trial_02,True,True,,True,,True,,0,1,1,False,PARTIAL,0,0,0,0,1,2,16.43,PARTIAL_ACTION_SEQUENCE_READY,GRAPH_COMPILATION_FAILURE,,,0,True,COMPLETE,True,True,,False,1,True,4,VALID,GOAL_SATISFIED,False,0,3,1,0.3333,False,False,"[""Disabled/unsupported operations: [{'raw_group': {'id': 'move_control', 'function': 'place entertainment_control onto surface', 'tool_role': 'surface', 'target_role': 'entertainment_control', 'context_role': 'op_slot__move_control__anchor', 'required_target_count': 1, 'usage_policy': 'SEQUENTIAL_REUS""]"
living_room,L6,trial_03,True,True,,True,,True,,0,0,0,False,PARTIAL,0,0,3,2,3,0,13.9,INFEASIBLE,GRAPH_COMPILATION_FAILURE,,"('SEATING_POSITION', 'CUP_SAUCER_SET')",0,True,INFEASIBLE,False,False,OBJECT_DISCOVERY_FAILURE,False,0,False,0,,,False,0,3,0,0.0,False,False,"[""Unresolved required operations: [{'id': 'provide_refreshment', 'operation': 'set_up_refreshment_setting', 'participant_roles': ['refreshment_setting', 'person'], 'semantic_capability_candidates': [], 'reason': 'NO_RUNTIME_CAPABILITY_MATCHES_THIS_OPERATION_PHRASE', 'requirement_provenance': 'INSTRUCT"", 'Unresolved required relations: [{\'raw_subject\': \'refreshment_setting\', \'raw_phrase\': \'provided_to\', \'raw_object\': \'person\', \'status\': \'UNINTERPRETABLE_REQUIRED_RELATION\', \'reason\': ""Relation text \'provided_to\' provides no semantic evidence for valid predicates [] or task causal semantics""}, {\'raw_su']"
living_room,L7,trial_01,False,True,,True,,True,,0,2,0,True,FULL,0,0,0,0,1,2,17.0,PARTIAL_ACTION_SEQUENCE_READY,FUNCTIONAL_ASSIGNMENT_FAILURE,,,0,True,PARTIAL_VERIFIED_GROUNDING,False,False,FUNCTIONAL_ASSIGNMENT_FAILURE,False,1,True,8,VALID,GOAL_SATISFIED,False,0,3,2,0.6667,False,True,[]
living_room,L7,trial_02,False,True,,True,,True,,0,2,0,True,FULL,0,0,0,0,1,2,15.83,PARTIAL_ACTION_SEQUENCE_READY,FUNCTIONAL_ASSIGNMENT_FAILURE,,,0,True,PARTIAL_VERIFIED_GROUNDING,False,False,FUNCTIONAL_ASSIGNMENT_FAILURE,False,1,True,4,VALID,GOAL_SATISFIED,False,0,3,0,0.0,False,True,[]
living_room,L7,trial_03,False,True,,True,,True,,0,1,0,False,PARTIAL,0,0,2,1,4,1,13.23,PARTIAL_ACTION_SEQUENCE_READY,GRAPH_COMPILATION_FAILURE,,,0,True,COMPLETE,True,True,,False,1,True,4,VALID,GOAL_SATISFIED,False,0,3,1,0.3333,False,True,"[""Unresolved required operations: [{'id': 'place_controller', 'operation': 'Move the entertainment_control to a surface accessible to both people', 'participant_roles': ['entertainment_control', 'surface', 'person'], 'semantic_capability_candidates': ['SUPPORT_DRINKWARE', 'SUPPORT_ENTERTAINMENT_CONTRO"", 'Unresolved required relations: [{\'raw_subject\': \'refreshment_setting\', \'raw_phrase\': \'Refreshment_settings and the entertainment_control must rest on a surface\', \'raw_object\': \'entertainment_control\', \'status\': \'UNINTERPRETABLE_REQUIRED_RELATION\', \'reason\': ""Semantic candidates [\'FITS_ON\', \'FITS_SET']"
living_room,L8,trial_01,False,True,,True,,True,,0,1,1,False,PARTIAL,0,0,0,0,2,2,16.27,INFEASIBLE,GRAPH_COMPILATION_FAILURE,,NO_GLOBAL_REGION_ASSIGNMENT,0,True,INFEASIBLE,False,False,FUNCTIONAL_ASSIGNMENT_FAILURE,False,0,False,0,,,False,0,3,0,0.0,False,True,"[""Disabled/unsupported operations: [{'raw_group': {'id': 'place_control', 'function': 'Place entertainment_control on surface', 'tool_role': 'surface', 'target_role': 'entertainment_control', 'context_role': 'op_slot__place_control__anchor', 'required_target_count': 1, 'usage_policy': 'SEQUENTIAL_REUS""]"
living_room,L8,trial_02,False,True,,True,,True,,0,2,0,False,PARTIAL,0,0,0,0,1,2,15.04,PARTIAL_ACTION_SEQUENCE_READY,OBJECT_DISCOVERY_FAILURE,,,0,True,PARTIAL_VERIFIED_GROUNDING,False,False,OBJECT_DISCOVERY_FAILURE,False,1,True,2,VALID,GOAL_SATISFIED,False,0,3,1,0.3333,False,True,"[""Unresolved roles: [{'raw_role': {'id': 'person', 'entity_kind': 'OBJECT', 'function': 'The individual consuming refreshments and watching TV.', 'required_count': 2, 'binding_policy': 'DISTINCT', 'candidate_categories': ['human', 'guest'], 'required_properties': [], 'visible_candidates': [], 'descrip""]"
living_room,L8,trial_03,False,True,,True,,True,,0,1,0,False,FULL,0,0,1,1,0,1,14.3,PARTIAL_ACTION_SEQUENCE_READY,GRAPH_COMPILATION_FAILURE,,,0,True,COMPLETE,True,True,,False,1,True,2,VALID,GOAL_SATISFIED,False,0,3,1,0.3333,False,True,"[""Unresolved required operations: [{'id': 'distribute_refreshments', 'operation': 'place', 'participant_roles': ['refreshment_setting', 'surface', 'person'], 'semantic_capability_candidates': ['SUPPORT_DRINKWARE', 'SUPPORT_ENTERTAINMENT_CONTROL'], 'reason': 'NO_CAPABILITY_SIGNATURE_ACCEPTS_THESE_PARTI"", ""Unresolved required relations: [{'id': 'refreshment_proximity', 'relation': 'near', 'participant_roles': ['refreshment_setting', 'person'], 'reason': 'NO_LEGAL_ORIENTATION_FOR_PARTICIPANTS', 'requirement_provenance': 'DERIVED_FROM_EXPLICIT_OPERATION', 'status': 'UNRESOLVED_REQUIRED_SEMANTIC'}]""]"
living_room,L9,trial_01,False,True,,True,,True,,0,2,0,False,PARTIAL,0,0,2,0,4,2,17.6,INFEASIBLE,GRAPH_COMPILATION_FAILURE,,NO_GLOBAL_REGION_ASSIGNMENT,0,True,INFEASIBLE,False,False,FUNCTIONAL_ASSIGNMENT_FAILURE,False,0,False,0,,,False,0,3,0,0.0,False,True,"['Unresolved required relations: [{\'raw_subject\': \'refreshment_setting\', \'raw_phrase\': \'on\', \'raw_object\': \'entertainment_control\', \'status\': \'UNINTERPRETABLE_REQUIRED_RELATION\', \'reason\': ""Relation text \'on\' provides no semantic evidence for valid predicates [] or task causal semantics""}, {\'raw_subje']"
living_room,L9,trial_02,False,False,MalformedVLMSpecificationError: V3 schema validation failed: 'schema_version' is a required property,False,,False,,0,0,0,False,,0,0,0,0,0,0,0.26,VLM_SPEC_FAILED,TASK_SPECIFICATION_FAILURE,SANITIZER_UNRECOVERABLE,No meaningful functional roles recovered,0,False,,False,False,,False,0,False,0,,,False,0,3,0,0.0,False,True,
living_room,L9,trial_03,False,True,,True,,True,,0,2,0,True,FULL,0,0,0,0,1,2,13.7,PARTIAL_ACTION_SEQUENCE_READY,FUNCTIONAL_ASSIGNMENT_FAILURE,,,0,True,PARTIAL_VERIFIED_GROUNDING,False,False,FUNCTIONAL_ASSIGNMENT_FAILURE,False,1,True,6,VALID,GOAL_SATISFIED,False,0,3,1,0.3333,False,True,[]
workshop,W10,trial_01,False,True,,True,,True,,3,1,0,False,PARTIAL,0,1,2,0,6,2,57.34,ACTION_SEQUENCE_READY,SUCCESS,,,3,True,COMPLETE,True,True,,True,1,True,5,VALID,GOAL_SATISFIED,True,0,3,3,1.0,True,False,"['Unresolved required relations: [{\'raw_subject\': \'fastening_tool\', \'raw_phrase\': \'The fastening tool is used to install the fastener.\', \'raw_object\': \'fastener\', \'status\': \'UNINTERPRETABLE_REQUIRED_RELATION\', \'reason\': ""Relation text \'The fastening tool is used to install the fastener.\' provides no s']"
workshop,W10,trial_02,False,False,MalformedVLMSpecificationError: UNDECLARED_PARTICIPANT: operation_pairings[0] references ['required_count_in_operation_pairing'],False,,False,,0,0,0,False,,0,0,0,0,0,0,0.9,VLM_SPEC_FAILED,TASK_SPECIFICATION_FAILURE,MALFORMED_VLM_SPECIFICATION,UNDECLARED_PARTICIPANT: operation_pairings[0] references ['required_count_in_operation_pairing'],0,False,,False,False,,False,0,False,0,,,False,0,3,0,0.0,False,True,
workshop,W10,trial_03,False,True,,True,,True,,3,1,0,False,PARTIAL,0,0,2,0,3,2,37.01,ACTION_SEQUENCE_READY,SUCCESS,,,3,True,COMPLETE,True,True,,True,1,True,5,VALID,GOAL_SATISFIED,True,0,3,3,1.0,True,False,"['Unresolved required relations: [{\'raw_subject\': \'fastening_component\', \'raw_phrase\': \'The fastening_component must fit the fastening_location.\', \'raw_object\': \'fastening_location\', \'status\': \'UNINTERPRETABLE_REQUIRED_RELATION\', \'reason\': ""Relation text \'The fastening_component must fit the fastening']"
workshop,W1,trial_01,True,True,,True,,True,,0,0,0,False,PARTIAL,0,1,3,1,4,1,26.72,PARTIAL_ACTION_SEQUENCE_READY,GRAPH_COMPILATION_FAILURE,,,3,True,COMPLETE,True,True,,False,1,True,2,VALID,PARTIAL_GOAL_SATISFIED,False,0,3,1,0.3333,False,False,"[""Unresolved roles: [{'code': 'AMBIGUOUS_ROLE_MAPPING', 'raw_role': {'id': 'marked_location', 'entity_kind': 'FIXED_TARGET', 'function': 'Specific spot on workbench for fastening.', 'required_count': 1, 'binding_policy': 'SHARED', 'candidate_categories': ['spot', 'area'], 'required_properties': ['acce"", ""Unresolved required operations: [{'id': 'op_2', 'operation': 'fasten', 'participant_roles': ['fastener', 'workpiece', 'tool', 'marked_location'], 'semantic_capability_candidates': ['FASTEN_JOINT'], 'reason': 'NO_CAPABILITY_SIGNATURE_ACCEPTS_THESE_PARTICIPANTS', 'requirement_provenance': 'DERIVED_FRO"", ""Unresolved required relations: [{'raw_subject': 'fastener', 'raw_phrase': 'fastener connects to workpiece at marked_location', 'raw_object': 'marked_location', 'status': 'UNINTERPRETABLE_REQUIRED_RELATION', 'reason': 'Unresolved or context-only endpoint'}, {'raw_subject': 'fastener', 'raw_phrase': '""]"
workshop,W1,trial_02,True,True,,True,,True,,0,0,1,False,PARTIAL,0,0,1,1,2,1,54.68,INCOMPLETE,GRAPH_COMPILATION_FAILURE,,"fastener, fastener",3,True,INCOMPLETE,False,False,,False,0,False,0,,,False,0,3,0,0.0,False,False,"[""Disabled/unsupported operations: [{'raw_group': {'id': 'fastening_action', 'function': 'fastening_tool fastens compatible_component to workbench', 'tool_role': 'fastening_tool', 'target_role': 'compatible_component', 'context_role': 'workbench', 'required_target_count': 1, 'usage_policy': 'SEQUENTIA"", ""Unresolved required operations: [{'id': 'cleanup_action', 'operation': 'fastening_tool is placed on workbench', 'participant_roles': ['fastening_tool', 'workbench'], 'semantic_capability_candidates': [], 'reason': 'NO_RUNTIME_CAPABILITY_MATCHES_THIS_OPERATION_PHRASE', 'requirement_provenance': 'INST"", 'Unresolved required relations: [{\'raw_subject\': \'fastening_tool\', \'raw_phrase\': \'fastening_tool is used to fasten compatible_component\', \'raw_object\': \'compatible_component\', \'status\': \'UNINTERPRETABLE_REQUIRED_RELATION\', \'reason\': ""Relation text \'fastening_tool is used to fasten compatible_componen']"
workshop,W1,trial_03,True,True,,True,,True,,0,0,0,True,FULL,0,0,0,0,3,1,50.01,INCOMPLETE,GRAPH_COMPILATION_FAILURE,,"fastener, fastener",3,True,INCOMPLETE,False,False,,False,0,False,0,,,False,0,3,0,0.0,False,False,[]
workshop,W2,trial_01,True,True,,True,,True,,3,1,0,False,PARTIAL,0,0,4,0,5,2,24.76,PARTIAL_ACTION_SEQUENCE_READY,FUNCTIONAL_ASSIGNMENT_FAILURE,,,3,True,PARTIAL_VERIFIED_GROUNDING,False,False,OBJECT_DISCOVERY_FAILURE,False,1,True,2,VALID,GOAL_SATISFIED,False,0,3,1,0.3333,False,False,"['Unresolved required relations: [{\'raw_subject\': \'fastening_component\', \'raw_phrase\': \'fastening_component fits fastening_location\', \'raw_object\': \'fastening_location\', \'status\': \'UNINTERPRETABLE_REQUIRED_RELATION\', \'reason\': ""Relation text \'fastening_component fits fastening_location\' provides no se']"
workshop,W2,trial_02,True,True,,True,,True,,1,0,1,False,PARTIAL,0,0,0,0,2,2,56.1,PARTIAL_ACTION_SEQUENCE_READY,GRAPH_COMPILATION_FAILURE,,,3,True,COMPLETE,True,True,,False,1,True,2,VALID,PARTIAL_GOAL_SATISFIED,False,0,3,1,0.3333,False,False,"[""Disabled/unsupported operations: [{'raw_group': {'id': 'fasten_op', 'function': 'apply_fastening', 'tool_role': 'fastening_tool', 'target_role': 'fastener', 'context_role': 'target_area', 'required_target_count': 1, 'usage_policy': 'DEDICATED_PER_TARGET', 'required_relations': [], 'context_relations""]"
workshop,W2,trial_03,True,True,,True,,True,,3,1,0,False,PARTIAL,0,0,2,1,4,2,54.39,INFEASIBLE,GRAPH_COMPILATION_FAILURE,,"fastener, fastener",3,True,INFEASIBLE,False,False,,False,0,False,0,,,False,0,3,0,0.0,False,False,"[""Unresolved required operations: [{'id': 'execute_fastening', 'operation': 'Apply the fastening_tool to the fastener_component at the fastening_site.', 'participant_roles': ['fastening_tool', 'fastener_component', 'fastening_site'], 'semantic_capability_candidates': [], 'reason': 'NO_RUNTIME_CAPABILI"", 'Unresolved required relations: [{\'raw_subject\': \'fastening_tool\', \'raw_phrase\': \'The fastening_tool is used to act upon the fastener_component at the fastening_site.\', \'raw_object\': \'fastener_component\', \'status\': \'UNINTERPRETABLE_REQUIRED_RELATION\', \'reason\': ""Relation text \'The fastening_tool is u']"
workshop,W3,trial_01,True,True,,True,,True,,0,0,0,False,PARTIAL,0,0,2,2,3,0,26.92,INFEASIBLE,GRAPH_COMPILATION_FAILURE,,"fastener, fastener",3,True,INFEASIBLE,False,False,,False,0,False,0,,,False,0,3,0,0.0,False,False,"[""Unresolved roles: [{'raw_role': {'id': 'storage_structure', 'entity_kind': 'OBJECT', 'function': 'Container holding the required components.', 'required_count': 1, 'binding_policy': 'SHARED', 'candidate_categories': ['cabinet', 'drawer', 'storage bin'], 'required_properties': ['can be opened', 'cont"", ""Unresolved required operations: [{'id': 'perform_fastening', 'operation': 'manipulation', 'participant_roles': ['fastening_tool', 'fastener', 'assembly_base', 'marked_workbench_location'], 'semantic_capability_candidates': [], 'reason': 'NO_RUNTIME_CAPABILITY_MATCHES_THIS_OPERATION_PHRASE', 'require"", 'Unresolved required relations: [{\'raw_subject\': \'fastener\', \'raw_phrase\': \'functional\', \'raw_object\': \'assembly_base\', \'status\': \'UNINTERPRETABLE_REQUIRED_RELATION\', \'reason\': ""Relation text \'functional\' provides no semantic evidence for valid predicates [\'COMPATIBLE_WITH_TARGET\'] or task causal sem']"
workshop,W3,trial_02,True,True,,True,,True,,0,0,2,False,PARTIAL,0,0,1,3,2,2,18.63,PARTIAL_ACTION_SEQUENCE_READY,GRAPH_COMPILATION_FAILURE,,,1,True,COMPLETE,True,True,,False,1,True,2,VALID,GOAL_SATISFIED,False,0,3,1,0.3333,False,False,"[""Unresolved roles: [{'code': 'AMBIGUOUS_ROLE_MAPPING', 'raw_role': {'id': 'fastening_tool', 'entity_kind': 'OBJECT', 'function': 'Applies force to secure the fastener', 'required_count': 1, 'binding_policy': 'REUSABLE', 'candidate_categories': ['wrench', 'screwdriver', 'allen_key'], 'required_propert"", ""Disabled/unsupported operations: [{'raw_group': {'id': 'operation_1', 'function': 'inserted_into', 'tool_role': 'fastener', 'target_role': 'target_object', 'context_role': None, 'required_target_count': 1, 'usage_policy': 'DEDICATED_PER_TARGET', 'required_relations': [], 'context_relations': [], 'v3"", ""Unresolved required operations: [{'raw_group': {'id': 'operation_1', 'function': 'inserted_into', 'tool_role': 'fastener', 'target_role': 'target_object', 'context_role': None, 'required_target_count': 1, 'usage_policy': 'DEDICATED_PER_TARGET', 'required_relations': [], 'context_relations': [], 'v3_"", ""Unresolved required relations: [{'id': 'relation_2', 'relation': 'operates_on', 'participant_roles': ['fastening_tool', 'fastener'], 'reason': 'NO_LEGAL_ORIENTATION_FOR_PARTICIPANTS', 'requirement_provenance': 'DERIVED_FROM_EXPLICIT_OPERATION', 'status': 'UNRESOLVED_REQUIRED_SEMANTIC'}]""]"
workshop,W3,trial_03,True,True,,True,,True,,1,0,0,False,FULL,0,0,1,2,1,1,60.65,INFEASIBLE,GRAPH_COMPILATION_FAILURE,,"COMPATIBLE_WITH, COMPATIBLE_WITH(driver, fastener), COMPATIBLE_WITH(driver, fastener), COMPATIBLE_WITH(driver, fastener)",3,True,INFEASIBLE,False,False,,False,0,False,0,,,False,0,3,0,0.0,False,False,"[""Unresolved required operations: [{'id': 'place_part', 'operation': 'place_on_surface', 'participant_roles': ['fastening_part', 'workbench'], 'semantic_capability_candidates': ['RETURN_REUSABLE_ITEM_TO_SUPPORT'], 'reason': 'NO_CAPABILITY_SIGNATURE_ACCEPTS_THESE_PARTICIPANTS', 'requirement_provenance'"", ""Unresolved required relations: [{'id': 'attachment', 'relation': 'attaches_to', 'participant_roles': ['fastening_part', 'workbench'], 'reason': 'NO_LEGAL_ORIENTATION_FOR_PARTICIPANTS', 'requirement_provenance': 'DERIVED_FROM_EXPLICIT_OPERATION', 'status': 'UNRESOLVED_REQUIRED_SEMANTIC'}]""]"
workshop,W4,trial_01,True,True,,True,,True,,0,0,0,False,PARTIAL,0,0,1,1,5,1,9.97,PARTIAL_ACTION_SEQUENCE_READY,GRAPH_COMPILATION_FAILURE,,,1,True,COMPLETE,True,True,,False,1,True,2,VALID,GOAL_SATISFIED,False,0,3,1,0.3333,False,False,"[""Unresolved roles: [{'raw_role': {'id': 'storage_container', 'entity_kind': 'OBJECT', 'function': 'A closed structure that may hold the component or tool.', 'required_count': 1, 'binding_policy': 'SHARED', 'candidate_categories': ['cabinet', 'drawer', 'box'], 'required_properties': ['enclosed', 'open"", ""Unresolved required operations: [{'id': 'op_assemble', 'operation': 'perform_fastening', 'participant_roles': ['fastening_tool', 'attachment_component', 'marked_fastening_site'], 'semantic_capability_candidates': ['FASTEN_JOINT'], 'reason': 'NO_CAPABILITY_SIGNATURE_ACCEPTS_THESE_PARTICIPANTS', 'requ"", 'Unresolved required relations: [{\'raw_subject\': \'fastening_tool\', \'raw_phrase\': \'secures\', \'raw_object\': \'attachment_component\', \'status\': \'UNINTERPRETABLE_REQUIRED_RELATION\', \'reason\': ""Relation text \'secures\' provides no semantic evidence for valid predicates [\'REACHES_TARGET\'] or task causal sema']"
workshop,W4,trial_02,True,True,,True,,True,,3,1,0,False,PARTIAL,0,0,4,0,5,2,60.03,PARTIAL_ACTION_SEQUENCE_READY,FUNCTIONAL_ASSIGNMENT_FAILURE,,,3,True,PARTIAL_VERIFIED_GROUNDING,False,False,OBJECT_DISCOVERY_FAILURE,False,1,True,2,VALID,GOAL_SATISFIED,False,0,3,1,0.3333,False,False,"['Unresolved required relations: [{\'raw_subject\': \'compatible_component\', \'raw_phrase\': \'The compatible_component is suitable for the fastening_target.\', \'raw_object\': \'fastening_target\', \'status\': \'UNINTERPRETABLE_REQUIRED_RELATION\', \'reason\': ""Relation text \'The compatible_component is suitable for ']"
workshop,W4,trial_03,True,True,,True,,True,,3,1,0,False,PARTIAL,0,0,1,0,3,2,51.49,PARTIAL_ACTION_SEQUENCE_READY,FUNCTIONAL_ASSIGNMENT_FAILURE,,,3,True,PARTIAL_VERIFIED_GROUNDING,False,False,OBJECT_DISCOVERY_FAILURE,False,1,True,2,VALID,GOAL_SATISFIED,False,0,3,1,0.3333,False,False,"['Unresolved required relations: [{\'raw_subject\': \'compatible_component\', \'raw_phrase\': \'compatible_component fits fastening_target\', \'raw_object\': \'fastening_target\', \'status\': \'UNINTERPRETABLE_REQUIRED_RELATION\', \'reason\': ""Relation text \'compatible_component fits fastening_target\' provides no seman']"
workshop,W5,trial_01,True,True,,True,,True,,0,0,0,False,FULL,0,1,0,2,2,1,53.38,INFEASIBLE,GRAPH_COMPILATION_FAILURE,,"fastener, fastener",3,True,INFEASIBLE,False,False,,False,0,False,0,,,False,0,3,0,0.0,False,False,"[""Unresolved required operations: [{'id': 'fasten_workpiece', 'operation': 'Apply the fastener to the workpiece.', 'participant_roles': ['fastener', 'workpiece'], 'semantic_capability_candidates': [], 'reason': 'NO_RUNTIME_CAPABILITY_MATCHES_THIS_OPERATION_PHRASE', 'requirement_provenance': 'DERIVED_F""]"
workshop,W5,trial_02,True,False,MalformedVLMSpecificationError: UNDECLARED_PARTICIPANT: functional_relations[0] references ['target_assembly'],False,,False,,0,0,0,False,,0,0,0,0,0,0,0.96,VLM_SPEC_FAILED,TASK_SPECIFICATION_FAILURE,MALFORMED_VLM_SPECIFICATION,UNDECLARED_PARTICIPANT: functional_relations[0] references ['target_assembly'],0,False,,False,False,,False,0,False,0,,,False,0,3,0,0.0,False,False,
workshop,W5,trial_03,True,True,,True,,True,,3,1,0,False,PARTIAL,0,0,4,0,5,2,49.6,PARTIAL_ACTION_SEQUENCE_READY,FUNCTIONAL_ASSIGNMENT_FAILURE,,,3,True,PARTIAL_VERIFIED_GROUNDING,False,False,FUNCTIONAL_ASSIGNMENT_FAILURE,False,1,True,2,VALID,PARTIAL_GOAL_SATISFIED,False,0,3,1,0.3333,False,False,"[""Unresolved roles: [{'raw_role': {'id': 'storage_drawer_left', 'entity_kind': 'OBJECT', 'function': 'A closed storage unit potentially containing components.', 'required_count': 1, 'binding_policy': 'DISTINCT', 'candidate_categories': ['left drawer', 'under-table drawer'], 'required_properties': ['cl"", 'Unresolved required relations: [{\'raw_subject\': \'fastening_component\', \'raw_phrase\': \'fits\', \'raw_object\': \'assembly_target\', \'status\': \'UNINTERPRETABLE_REQUIRED_RELATION\', \'reason\': ""Relation text \'fits\' provides no semantic evidence for valid predicates [\'COMPATIBLE_WITH_TARGET\'] or task causal se']"
workshop,W6,trial_01,True,True,,True,,True,,0,0,0,False,PARTIAL,0,0,2,1,3,1,24.0,PARTIAL_ACTION_SEQUENCE_READY,GRAPH_COMPILATION_FAILURE,,,1,True,COMPLETE,True,True,,False,1,True,2,VALID,GOAL_SATISFIED,False,0,3,1,0.3333,False,False,"[""Unresolved roles: [{'raw_role': {'id': 'fastening_component', 'entity_kind': 'OBJECT', 'function': 'Physical item used to secure the target location.', 'required_count': 1, 'binding_policy': 'DISTINCT', 'candidate_categories': ['screw', 'bolt', 'glue', 'clip'], 'required_properties': ['compatible wi"", ""Unresolved required operations: [{'id': 'apply_fastener', 'operation': 'fasten', 'participant_roles': ['fastening_component', 'target_location', 'fastening_tool'], 'semantic_capability_candidates': ['FASTEN_JOINT'], 'reason': 'NO_CAPABILITY_SIGNATURE_ACCEPTS_THESE_PARTICIPANTS', 'requirement_provena"", ""Unresolved required relations: [{'raw_subject': 'fastening_component', 'raw_phrase': 'suit_for', 'raw_object': 'target_location', 'status': 'UNINTERPRETABLE_REQUIRED_RELATION', 'reason': 'Unresolved or context-only endpoint'}, {'raw_subject': 'fastening_tool', 'raw_phrase': 'operates_on', 'raw_objec""]"
workshop,W6,trial_02,True,True,,True,,True,,3,1,0,False,PARTIAL,0,0,3,0,7,2,16.19,ACTION_SEQUENCE_READY,SUCCESS,,,1,True,COMPLETE,True,True,,True,1,True,5,VALID,GOAL_SATISFIED,True,0,3,3,1.0,True,True,"['Unresolved required relations: [{\'raw_subject\': \'fastening_tool\', \'raw_phrase\': \'The fastening tool is used to drive the fastener into the workpiece.\', \'raw_object\': \'fastener\', \'status\': \'UNINTERPRETABLE_REQUIRED_RELATION\', \'reason\': ""Relation text \'The fastening tool is used to drive the fastener ']"
workshop,W6,trial_03,True,True,,True,,True,,3,1,0,True,FULL,0,0,0,0,3,2,49.55,PARTIAL_ACTION_SEQUENCE_READY,FUNCTIONAL_ASSIGNMENT_FAILURE,,,3,True,PARTIAL_VERIFIED_GROUNDING,False,False,OBJECT_DISCOVERY_FAILURE,False,1,True,2,VALID,GOAL_SATISFIED,False,0,3,1,0.3333,False,False,[]
workshop,W7,trial_01,True,True,,True,,True,,3,1,0,False,PARTIAL,0,0,2,0,2,2,64.96,ACTION_SEQUENCE_READY,SUCCESS,,,3,True,COMPLETE,True,True,,True,1,True,5,VALID,GOAL_SATISFIED,True,0,3,3,1.0,True,True,"['Unresolved required relations: [{\'raw_subject\': \'fastening_part\', \'raw_phrase\': \'The component must fit into the spot.\', \'raw_object\': \'fastening_spot\', \'status\': \'UNINTERPRETABLE_REQUIRED_RELATION\', \'reason\': ""Relation text \'The component must fit into the spot.\' provides no semantic evidence for v']"
workshop,W7,trial_02,True,True,,True,,False,VLMSpecificationError: No executable role could be typed,0,0,0,False,,0,0,0,0,1,0,1.23,VLM_SPEC_FAILED,GRAPH_COMPILATION_FAILURE,CANONICALIZATION_AMBIGUITY,No executable role could be typed,0,False,,False,False,,False,0,False,0,,,False,0,3,0,0.0,False,False,
workshop,W7,trial_03,True,True,,True,,True,,0,0,0,False,PARTIAL,0,0,0,1,5,1,14.54,PARTIAL_ACTION_SEQUENCE_READY,GRAPH_COMPILATION_FAILURE,,,1,True,COMPLETE,True,True,,False,1,True,2,VALID,GOAL_SATISFIED,False,0,3,1,0.3333,False,False,"[""Unresolved roles: [{'code': 'AMBIGUOUS_ROLE_MAPPING', 'raw_role': {'id': 'storage_container', 'entity_kind': 'REGION', 'function': 'A closed space where components or tools might be hidden.', 'required_count': 1, 'binding_policy': 'SHARED', 'candidate_categories': ['drawer', 'cabinet', 'box'], 'requ"", ""Unresolved required operations: [{'id': 'perform_fastening', 'operation': 'Secure the fastening_part to the attachment_target using the fastening_tool.', 'participant_roles': ['fastening_part', 'attachment_target', 'fastening_tool'], 'semantic_capability_candidates': ['FASTEN_JOINT'], 'reason': 'NO_""]"
workshop,W8,trial_01,True,True,,True,,True,,0,0,0,False,PARTIAL,0,0,1,2,2,1,58.64,PARTIAL_ACTION_SEQUENCE_READY,GRAPH_COMPILATION_FAILURE,,,2,True,COMPLETE,True,True,,False,1,True,2,VALID,PARTIAL_GOAL_SATISFIED,False,0,3,1,0.3333,False,False,"[""Unresolved required operations: [{'id': 'search_and_identify', 'operation': 'Open storage containers and inspect items to find compatible parts and tools.', 'participant_roles': ['storage_container', 'component_part', 'fastening_tool'], 'semantic_capability_candidates': [], 'reason': 'NO_RUNTIME_CAP"", 'Unresolved required relations: [{\'raw_subject\': \'fastening_tool\', \'raw_phrase\': \'The tool is required to attach the component.\', \'raw_object\': \'component_part\', \'status\': \'UNINTERPRETABLE_REQUIRED_RELATION\', \'reason\': ""Relation text \'The tool is required to attach the component.\' provides no semanti']"
workshop,W8,trial_02,True,True,,True,,True,,3,1,0,False,PARTIAL,0,0,4,0,5,2,39.04,PARTIAL_ACTION_SEQUENCE_READY,FUNCTIONAL_ASSIGNMENT_FAILURE,,,3,True,PARTIAL_VERIFIED_GROUNDING,False,False,FUNCTIONAL_ASSIGNMENT_FAILURE,False,1,True,2,VALID,PARTIAL_GOAL_SATISFIED,False,0,3,1,0.3333,False,False,"['Unresolved required relations: [{\'raw_subject\': \'fastener\', \'raw_phrase\': \'The fastener must physically suit the workpiece.\', \'raw_object\': \'workpiece\', \'status\': \'UNINTERPRETABLE_REQUIRED_RELATION\', \'reason\': ""Relation text \'The fastener must physically suit the workpiece.\' provides no semantic evi']"
workshop,W8,trial_03,True,True,,True,,True,,0,0,0,False,PARTIAL,0,0,1,1,1,1,14.32,PARTIAL_ACTION_SEQUENCE_READY,GRAPH_COMPILATION_FAILURE,,,1,True,COMPLETE,True,True,,False,1,True,2,VALID,GOAL_SATISFIED,False,0,3,1,0.3333,False,False,"[""Unresolved roles: [{'code': 'AMBIGUOUS_ROLE_MAPPING', 'raw_role': {'id': 'compatible_component', 'entity_kind': 'OBJECT', 'function': 'The physical part(s) that need to be attached or joined at the target.', 'required_count': 1, 'binding_policy': 'DISTINCT', 'candidate_categories': ['block', 'part',"", ""Unresolved required operations: [{'id': 'perform_fastening', 'operation': 'Join component to target using tool', 'participant_roles': ['tool', 'compatible_component', 'fastening_target'], 'semantic_capability_candidates': [], 'reason': 'NO_RUNTIME_CAPABILITY_MATCHES_THIS_OPERATION_PHRASE', 'requirem"", ""Unresolved required relations: [{'raw_subject': 'compatible_component', 'raw_phrase': 'compatible_component fits fastening_target', 'raw_object': 'fastening_target', 'status': 'UNINTERPRETABLE_REQUIRED_RELATION', 'reason': 'Unresolved or context-only endpoint'}]""]"
workshop,W9,trial_01,False,True,,True,,True,,3,1,0,False,PARTIAL,0,1,1,0,3,2,62.47,PARTIAL_ACTION_SEQUENCE_READY,FUNCTIONAL_ASSIGNMENT_FAILURE,,,3,True,PARTIAL_VERIFIED_GROUNDING,False,False,FUNCTIONAL_ASSIGNMENT_FAILURE,False,1,True,2,VALID,PARTIAL_GOAL_SATISFIED,False,0,3,1,0.3333,False,True,"['Unresolved required relations: [{\'raw_subject\': \'fastening_component\', \'raw_phrase\': \'fits_into\', \'raw_object\': \'fastening_target\', \'status\': \'UNINTERPRETABLE_REQUIRED_RELATION\', \'reason\': ""Relation text \'fits_into\' provides no semantic evidence for valid predicates [\'COMPATIBLE_WITH_TARGET\'] or tas']"
workshop,W9,trial_02,False,True,,True,,True,,3,1,1,False,PARTIAL,0,1,1,1,2,2,39.4,INFEASIBLE,GRAPH_COMPILATION_FAILURE,,"REACHES_TARGET, REACHES_TARGET(None, None)",3,True,INFEASIBLE,False,False,,False,0,False,0,,,False,0,3,0,0.0,False,True,"[""Unresolved roles: [{'code': 'AMBIGUOUS_ROLE_MAPPING', 'raw_role': {'id': 'reusable_equipment', 'entity_kind': 'OBJECT', 'function': 'Tool used for the task, to be left behind.', 'required_count': 1, 'binding_policy': 'SHARED', 'candidate_categories': ['tool', 'device'], 'required_properties': ['mani"", ""Disabled/unsupported operations: [{'raw_group': {'id': 'place_equipment', 'function': 'Place the used tool onto the desk surface.', 'tool_role': 'reusable_equipment', 'target_role': 'desk_surface', 'context_role': None, 'required_target_count': 1, 'usage_policy': 'SEQUENTIAL_REUSE_ALLOWED', 'require"", ""Unresolved required operations: [{'id': 'place_equipment', 'operation': 'Place the used tool onto the desk surface.', 'participant_roles': ['reusable_equipment', 'desk_surface'], 'reason': 'SLOT_PARTICIPANT_HAS_NO_RUNTIME_ROLE', 'unrepresented_participants': ['reusable_equipment']}]"", 'Unresolved required relations: [{\'raw_subject\': \'fastener_component\', \'raw_phrase\': \'The fastener component must fit into the workpiece target.\', \'raw_object\': \'workpiece_target\', \'status\': \'UNINTERPRETABLE_REQUIRED_RELATION\', \'reason\': ""Relation text \'The fastener component must fit into the workpi']"
workshop,W9,trial_03,False,True,,True,,True,,3,1,0,False,PARTIAL,0,0,2,0,3,2,31.38,PARTIAL_ACTION_SEQUENCE_READY,FUNCTIONAL_ASSIGNMENT_FAILURE,,,3,True,PARTIAL_VERIFIED_GROUNDING,False,False,FUNCTIONAL_ASSIGNMENT_FAILURE,False,1,True,2,VALID,PARTIAL_GOAL_SATISFIED,False,0,3,1,0.3333,False,True,"['Unresolved required relations: [{\'raw_subject\': \'compatible_components\', \'raw_phrase\': \'compatible_components suit_for_fastening fastening_target\', \'raw_object\': \'fastening_target\', \'status\': \'UNINTERPRETABLE_REQUIRED_RELATION\', \'reason\': ""Relation text \'compatible_components suit_for_fastening fast']"
