run_id,domain,variant,protocol,repeat,first_plan_attempt_index,any_symbolic_plan_found,any_nonempty_symbolic_plan_found,any_val_valid_plan,number_of_symbolic_plans_generated,number_of_val_valid_plans,best_symbolic_plan_length,final_selected_plan_length,selected_action_sequence_summary
kitchen__F0_ALL_VISIBLE__fixed_full_inspection__r00,kitchen,F0_ALL_VISIBLE,fixed_full_inspection,0,,False,False,False,0,0,,,NO_PLAN
kitchen__F0_ALL_VISIBLE__initial_observation_only__r00,kitchen,F0_ALL_VISIBLE,initial_observation_only,0,,False,False,False,0,0,,,NO_PLAN
kitchen__F1_HIDDEN_COFFEE_VESSEL__fixed_full_inspection__r00,kitchen,F1_HIDDEN_COFFEE_VESSEL,fixed_full_inspection,0,,False,False,False,0,0,,,NO_PLAN
kitchen__F1_HIDDEN_COFFEE_VESSEL__initial_observation_only__r00,kitchen,F1_HIDDEN_COFFEE_VESSEL,initial_observation_only,0,0,True,True,True,4,4,6,,len=6: pick-from -> pour -> pour -> place-on -> pick-from ... (+1 more)
kitchen__F2_HIDDEN_SOUP_BOWL__fixed_full_inspection__r00,kitchen,F2_HIDDEN_SOUP_BOWL,fixed_full_inspection,0,,False,False,False,0,0,,,NO_PLAN
kitchen__F2_HIDDEN_SOUP_BOWL__initial_observation_only__r00,kitchen,F2_HIDDEN_SOUP_BOWL,initial_observation_only,0,0,True,True,True,2,2,9,,len=9: pick-from -> pour -> pour -> pour -> place-on ... (+4 more)
kitchen__F3_HIDDEN_VESSELS_MIXED__fixed_full_inspection__r00,kitchen,F3_HIDDEN_VESSELS_MIXED,fixed_full_inspection,0,,False,False,False,0,0,,,NO_PLAN
kitchen__F3_HIDDEN_VESSELS_MIXED__initial_observation_only__r00,kitchen,F3_HIDDEN_VESSELS_MIXED,initial_observation_only,0,,False,False,False,0,0,,,NO_PLAN
kitchen__F4_TOOLS_IN_DRAWERS__fixed_full_inspection__r00,kitchen,F4_TOOLS_IN_DRAWERS,fixed_full_inspection,0,,False,False,False,0,0,,,NO_PLAN
kitchen__F4_TOOLS_IN_DRAWERS__initial_observation_only__r00,kitchen,F4_TOOLS_IN_DRAWERS,initial_observation_only,0,1,True,True,True,1,1,9,,len=9: pick-from -> place-in -> pick-from -> place-in -> pick-from ... (+4 more)
kitchen__F5_FULL_DISTRIBUTED_SEARCH__fixed_full_inspection__r00,kitchen,F5_FULL_DISTRIBUTED_SEARCH,fixed_full_inspection,0,,False,False,False,0,0,,,NO_PLAN
kitchen__F5_FULL_DISTRIBUTED_SEARCH__initial_observation_only__r00,kitchen,F5_FULL_DISTRIBUTED_SEARCH,initial_observation_only,0,,False,False,False,0,0,,,NO_PLAN
kitchen__I0_MISSING_COFFEE_VESSEL__fixed_full_inspection__r00,kitchen,I0_MISSING_COFFEE_VESSEL,fixed_full_inspection,0,,False,False,False,0,0,,,NO_PLAN
kitchen__I0_MISSING_COFFEE_VESSEL__initial_observation_only__r00,kitchen,I0_MISSING_COFFEE_VESSEL,initial_observation_only,0,0,True,True,True,2,2,3,,len=3: pick-from -> pour -> pour
kitchen__I1_MISSING_SOUP_BOWL__fixed_full_inspection__r00,kitchen,I1_MISSING_SOUP_BOWL,fixed_full_inspection,0,,False,False,False,0,0,,,NO_PLAN
kitchen__I1_MISSING_SOUP_BOWL__initial_observation_only__r00,kitchen,I1_MISSING_SOUP_BOWL,initial_observation_only,0,0,True,True,True,2,2,3,,len=3: pick-from -> pour -> pour
kitchen__I2_MISSING_COFFEE_SPOON__fixed_full_inspection__r00,kitchen,I2_MISSING_COFFEE_SPOON,fixed_full_inspection,0,,False,False,False,0,0,,,NO_PLAN
kitchen__I2_MISSING_COFFEE_SPOON__initial_observation_only__r00,kitchen,I2_MISSING_COFFEE_SPOON,initial_observation_only,0,,False,False,False,0,0,,,NO_PLAN
kitchen__I3_MISSING_SOUP_UTENSIL__fixed_full_inspection__r00,kitchen,I3_MISSING_SOUP_UTENSIL,fixed_full_inspection,0,,False,False,False,0,0,,,NO_PLAN
kitchen__I3_MISSING_SOUP_UTENSIL__initial_observation_only__r00,kitchen,I3_MISSING_SOUP_UTENSIL,initial_observation_only,0,0,True,True,True,1,1,7,,len=7: pick-from -> pour -> pour -> place-on -> pick-from ... (+2 more)
kitchen__I4_MISSING_KETTLE__fixed_full_inspection__r00,kitchen,I4_MISSING_KETTLE,fixed_full_inspection,0,,False,False,False,0,0,,,NO_PLAN
kitchen__I4_MISSING_KETTLE__initial_observation_only__r00,kitchen,I4_MISSING_KETTLE,initial_observation_only,0,0,True,True,True,2,2,3,,len=3: pick-from -> stir -> stir
kitchen__I5_MISSING_COFFEE_JAR__fixed_full_inspection__r00,kitchen,I5_MISSING_COFFEE_JAR,fixed_full_inspection,0,,False,False,False,0,0,,,NO_PLAN
kitchen__I5_MISSING_COFFEE_JAR__initial_observation_only__r00,kitchen,I5_MISSING_COFFEE_JAR,initial_observation_only,0,0,True,True,True,2,2,9,,len=9: pick-from -> pour -> pour -> pour -> place-on ... (+4 more)
living_room__F0_ALL_OBJECTS_IN_STAGING__fixed_full_inspection__r00,living_room,F0_ALL_OBJECTS_IN_STAGING,fixed_full_inspection,0,,False,False,False,0,0,,,NO_PLAN
living_room__F0_ALL_OBJECTS_IN_STAGING__initial_observation_only__r00,living_room,F0_ALL_OBJECTS_IN_STAGING,initial_observation_only,0,,False,False,False,0,0,,,NO_PLAN
living_room__F1_LEFT_SAUCER_PREPLACED__fixed_full_inspection__r00,living_room,F1_LEFT_SAUCER_PREPLACED,fixed_full_inspection,0,,False,False,False,0,0,,,NO_PLAN
living_room__F1_LEFT_SAUCER_PREPLACED__initial_observation_only__r00,living_room,F1_LEFT_SAUCER_PREPLACED,initial_observation_only,0,0,True,False,True,1,1,0,0,len=0: 
living_room__F2_LEFT_SAUCER_ON_SHARED__fixed_full_inspection__r00,living_room,F2_LEFT_SAUCER_ON_SHARED,fixed_full_inspection,0,,False,False,False,0,0,,,NO_PLAN
living_room__F2_LEFT_SAUCER_ON_SHARED__initial_observation_only__r00,living_room,F2_LEFT_SAUCER_ON_SHARED,initial_observation_only,0,,False,False,False,0,0,,,NO_PLAN
living_room__F3_LEFT_CUP_ON_SHARED__fixed_full_inspection__r00,living_room,F3_LEFT_CUP_ON_SHARED,fixed_full_inspection,0,0,True,True,True,1,1,8,,len=8: pick-from -> place-on -> pick-from -> place-on -> pick-from ... (+3 more)
living_room__F3_LEFT_CUP_ON_SHARED__initial_observation_only__r00,living_room,F3_LEFT_CUP_ON_SHARED,initial_observation_only,0,3,True,True,True,1,1,6,,len=6: pick-from -> place-on -> pick-from -> place-on -> pick-from ... (+1 more)
living_room__F4_SAUCER_PREPLACED_CUP_ON_SHARED__fixed_full_inspection__r00,living_room,F4_SAUCER_PREPLACED_CUP_ON_SHARED,fixed_full_inspection,0,0,True,True,True,3,3,4,,len=4: pick-from -> place-on -> pick-from -> place-on
living_room__F4_SAUCER_PREPLACED_CUP_ON_SHARED__initial_observation_only__r00,living_room,F4_SAUCER_PREPLACED_CUP_ON_SHARED,initial_observation_only,0,,False,False,False,0,0,,,NO_PLAN
living_room__F5_LEFT_PAIR_ON_SHARED__fixed_full_inspection__r00,living_room,F5_LEFT_PAIR_ON_SHARED,fixed_full_inspection,0,0,True,True,True,1,1,8,,len=8: pick-from -> place-on -> pick-from -> place-on -> pick-from ... (+3 more)
living_room__F5_LEFT_PAIR_ON_SHARED__initial_observation_only__r00,living_room,F5_LEFT_PAIR_ON_SHARED,initial_observation_only,0,0,True,True,True,1,1,8,,len=8: pick-from -> place-on -> pick-from -> place-on -> pick-from ... (+3 more)
living_room__I0_NO_SHARED_TABLE__fixed_full_inspection__r00,living_room,I0_NO_SHARED_TABLE,fixed_full_inspection,0,,False,False,False,0,0,,,NO_PLAN
living_room__I0_NO_SHARED_TABLE__initial_observation_only__r00,living_room,I0_NO_SHARED_TABLE,initial_observation_only,0,,False,False,False,0,0,,,NO_PLAN
living_room__I1_NO_LEFT_PERSONAL_TABLE__fixed_full_inspection__r00,living_room,I1_NO_LEFT_PERSONAL_TABLE,fixed_full_inspection,0,,False,False,False,0,0,,,NO_PLAN
living_room__I1_NO_LEFT_PERSONAL_TABLE__initial_observation_only__r00,living_room,I1_NO_LEFT_PERSONAL_TABLE,initial_observation_only,0,,False,False,False,0,0,,,NO_PLAN
living_room__I2_NO_PERSONAL_TABLES__fixed_full_inspection__r00,living_room,I2_NO_PERSONAL_TABLES,fixed_full_inspection,0,,False,False,False,0,0,,,NO_PLAN
living_room__I2_NO_PERSONAL_TABLES__initial_observation_only__r00,living_room,I2_NO_PERSONAL_TABLES,initial_observation_only,0,,False,False,False,0,0,,,NO_PLAN
living_room__I3_NO_TABLES__fixed_full_inspection__r00,living_room,I3_NO_TABLES,fixed_full_inspection,0,,False,False,False,0,0,,,NO_PLAN
living_room__I3_NO_TABLES__initial_observation_only__r00,living_room,I3_NO_TABLES,initial_observation_only,0,,False,False,False,0,0,,,NO_PLAN
workshop__F0_MANUAL_FIRST_ONE_REGION__fixed_full_inspection__r00,workshop,F0_MANUAL_FIRST_ONE_REGION,fixed_full_inspection,0,,False,False,False,0,0,,,NO_PLAN
workshop__F0_MANUAL_FIRST_ONE_REGION__initial_observation_only__r00,workshop,F0_MANUAL_FIRST_ONE_REGION,initial_observation_only,0,0,True,True,True,2,2,5,,len=5: pick-from -> insert -> pick-from -> drive -> place-on
workshop__F1_POWER_FIRST_ONE_REGION__fixed_full_inspection__r00,workshop,F1_POWER_FIRST_ONE_REGION,fixed_full_inspection,0,,False,False,False,0,0,,,NO_PLAN
workshop__F1_POWER_FIRST_ONE_REGION__initial_observation_only__r00,workshop,F1_POWER_FIRST_ONE_REGION,initial_observation_only,0,,False,False,False,0,0,,,NO_PLAN
workshop__F2_MANUAL_FIRST_TWO_REGIONS__fixed_full_inspection__r00,workshop,F2_MANUAL_FIRST_TWO_REGIONS,fixed_full_inspection,0,0,True,True,True,4,4,5,,len=5: pick-from -> insert -> pick-from -> drive -> place-on
workshop__F2_MANUAL_FIRST_TWO_REGIONS__initial_observation_only__r00,workshop,F2_MANUAL_FIRST_TWO_REGIONS,initial_observation_only,0,,False,False,False,0,0,,,NO_PLAN
workshop__F3_POWER_FIRST_TWO_REGIONS__fixed_full_inspection__r00,workshop,F3_POWER_FIRST_TWO_REGIONS,fixed_full_inspection,0,0,True,True,True,4,4,5,,len=5: pick-from -> insert -> pick-from -> drive -> place-on
workshop__F3_POWER_FIRST_TWO_REGIONS__initial_observation_only__r00,workshop,F3_POWER_FIRST_TWO_REGIONS,initial_observation_only,0,,False,False,False,0,0,,,NO_PLAN
workshop__F4_MANUAL_FIRST_THREE_REGIONS__fixed_full_inspection__r00,workshop,F4_MANUAL_FIRST_THREE_REGIONS,fixed_full_inspection,0,0,True,True,True,4,4,4,,len=4: pick-from -> place-on -> pick-from -> place-on
workshop__F4_MANUAL_FIRST_THREE_REGIONS__initial_observation_only__r00,workshop,F4_MANUAL_FIRST_THREE_REGIONS,initial_observation_only,0,0,True,True,True,4,4,5,,len=5: pick-from -> insert -> pick-from -> drive -> place-on
workshop__F5_POWER_FIRST_THREE_REGIONS__fixed_full_inspection__r00,workshop,F5_POWER_FIRST_THREE_REGIONS,fixed_full_inspection,0,0,True,True,True,4,4,4,,len=4: pick-from -> place-on -> pick-from -> place-on
workshop__F5_POWER_FIRST_THREE_REGIONS__initial_observation_only__r00,workshop,F5_POWER_FIRST_THREE_REGIONS,initial_observation_only,0,0,True,True,True,2,2,5,,len=5: pick-from -> insert -> pick-from -> drive -> place-on
workshop__F6_MANUAL_ONLY__fixed_full_inspection__r00,workshop,F6_MANUAL_ONLY,fixed_full_inspection,0,0,True,False,True,1,1,0,0,len=0: 
workshop__F6_MANUAL_ONLY__initial_observation_only__r00,workshop,F6_MANUAL_ONLY,initial_observation_only,0,,False,False,False,0,0,,,NO_PLAN
workshop__F7_POWER_ONLY__fixed_full_inspection__r00,workshop,F7_POWER_ONLY,fixed_full_inspection,0,1,True,True,True,2,2,2,,len=2: pick-from -> insert
workshop__F7_POWER_ONLY__initial_observation_only__r00,workshop,F7_POWER_ONLY,initial_observation_only,0,,False,False,False,0,0,,,NO_PLAN
workshop__I0_NO_DRIVER__fixed_full_inspection__r00,workshop,I0_NO_DRIVER,fixed_full_inspection,0,,False,False,False,0,0,,,NO_PLAN
workshop__I0_NO_DRIVER__initial_observation_only__r00,workshop,I0_NO_DRIVER,initial_observation_only,0,0,True,True,True,4,4,5,,len=5: pick-from -> insert -> pick-from -> drive -> place-on
workshop__I1_NO_SCREW__fixed_full_inspection__r00,workshop,I1_NO_SCREW,fixed_full_inspection,0,0,True,True,True,2,2,2,,len=2: pick-from -> place-on
workshop__I1_NO_SCREW__initial_observation_only__r00,workshop,I1_NO_SCREW,initial_observation_only,0,0,True,True,True,2,2,5,,len=5: pick-from -> insert -> pick-from -> drive -> place-on
