run_id,domain,variant,protocol,repeat,ground_truth_feasible,raw_predicted_infeasible,terminal_causal_failure,cp_terminal_kind,cp_terminal_stage,summary
kitchen__F0_ALL_VISIBLE__initial_observation_only__r00,kitchen,F0_ALL_VISIBLE,initial_observation_only,0,True,True,UNRESOLVED_UNREACHABLE_CORRECTED_GOAL,INVALID_CORRECTION,,corrective response is not a valid replacement PDDL problem
kitchen__F1_HIDDEN_COFFEE_VESSEL__initial_observation_only__r00,kitchen,F1_HIDDEN_COFFEE_VESSEL,initial_observation_only,0,True,True,UNRESOLVED_REFINEMENT_FAILURE,REFINEMENT,IK,no grasp candidate satisfies the IK tolerances
kitchen__F2_HIDDEN_SOUP_BOWL__initial_observation_only__r00,kitchen,F2_HIDDEN_SOUP_BOWL,initial_observation_only,0,True,True,UNRESOLVED_IDENTITY_FAILURE,INVALID_CORRECTION,,corrective response is not a valid replacement PDDL problem
kitchen__F3_HIDDEN_VESSELS_MIXED__initial_observation_only__r00,kitchen,F3_HIDDEN_VESSELS_MIXED,initial_observation_only,0,True,True,SYMBOLIC_NO_PLAN_AFTER_BOUNDED_CP,NO_PLAN,NO_PLAN,Fast Downward search exited with 12
kitchen__F4_TOOLS_IN_DRAWERS__initial_observation_only__r00,kitchen,F4_TOOLS_IN_DRAWERS,initial_observation_only,0,True,True,UNRESOLVED_IDENTITY_FAILURE,INVALID_CORRECTION,,corrective response is not a valid replacement PDDL problem
kitchen__F5_FULL_DISTRIBUTED_SEARCH__initial_observation_only__r00,kitchen,F5_FULL_DISTRIBUTED_SEARCH,initial_observation_only,0,True,True,UNRESOLVED_UNREACHABLE_CORRECTED_GOAL,INVALID_CORRECTION,,corrective response is not a valid replacement PDDL problem
kitchen__I0_MISSING_COFFEE_VESSEL__initial_observation_only__r00,kitchen,I0_MISSING_COFFEE_VESSEL,initial_observation_only,0,False,True,UNRESOLVED_INVALID_CORRECTIVE_SELECTION,INVALID_CORRECTION,,corrective response is not a valid replacement PDDL problem
kitchen__I1_MISSING_SOUP_BOWL__initial_observation_only__r00,kitchen,I1_MISSING_SOUP_BOWL,initial_observation_only,0,False,True,UNRESOLVED_INVALID_CORRECTIVE_SELECTION,INVALID_CORRECTION,,corrective response is not a valid replacement PDDL problem
kitchen__I2_MISSING_COFFEE_SPOON__initial_observation_only__r00,kitchen,I2_MISSING_COFFEE_SPOON,initial_observation_only,0,False,True,SYMBOLIC_NO_PLAN_AFTER_BOUNDED_CP,NO_PLAN,NO_PLAN,Fast Downward search exited with 12
kitchen__I3_MISSING_SOUP_UTENSIL__initial_observation_only__r00,kitchen,I3_MISSING_SOUP_UTENSIL,initial_observation_only,0,False,True,UNRESOLVED_INCONSISTENT_CORRECTIVE_FACT_SET,INVALID_CORRECTION,,corrective response is not a valid replacement PDDL problem
kitchen__I4_MISSING_KETTLE__initial_observation_only__r00,kitchen,I4_MISSING_KETTLE,initial_observation_only,0,False,True,UNRESOLVED_INCONSISTENT_CORRECTIVE_FACT_SET,INVALID_CORRECTION,,corrective response is not a valid replacement PDDL problem
kitchen__I5_MISSING_COFFEE_JAR__initial_observation_only__r00,kitchen,I5_MISSING_COFFEE_JAR,initial_observation_only,0,False,True,UNRESOLVED_INCONSISTENT_CORRECTIVE_FACT_SET,INVALID_CORRECTION,,corrective response is not a valid replacement PDDL problem
living_room__F0_ALL_OBJECTS_IN_STAGING__fixed_full_inspection__r00,living_room,F0_ALL_OBJECTS_IN_STAGING,fixed_full_inspection,0,True,True,UNRESOLVED_UNREACHABLE_CORRECTED_GOAL,INVALID_CORRECTION,,corrective response is not a valid replacement PDDL problem
living_room__F0_ALL_OBJECTS_IN_STAGING__initial_observation_only__r00,living_room,F0_ALL_OBJECTS_IN_STAGING,initial_observation_only,0,True,True,UNRESOLVED_UNREACHABLE_CORRECTED_GOAL,INVALID_CORRECTION,,corrective response is not a valid replacement PDDL problem
living_room__F1_LEFT_SAUCER_PREPLACED__fixed_full_inspection__r00,living_room,F1_LEFT_SAUCER_PREPLACED,fixed_full_inspection,0,True,True,UNRESOLVED_UNREACHABLE_CORRECTED_GOAL,INVALID_CORRECTION,,corrective response is not a valid replacement PDDL problem
living_room__F2_LEFT_SAUCER_ON_SHARED__fixed_full_inspection__r00,living_room,F2_LEFT_SAUCER_ON_SHARED,fixed_full_inspection,0,True,True,UNRESOLVED_UNREACHABLE_CORRECTED_GOAL,INVALID_CORRECTION,,corrective response is not a valid replacement PDDL problem
living_room__F2_LEFT_SAUCER_ON_SHARED__initial_observation_only__r00,living_room,F2_LEFT_SAUCER_ON_SHARED,initial_observation_only,0,True,True,UNRESOLVED_INCONSISTENT_CORRECTIVE_FACT_SET,INVALID_CORRECTION,,corrective response is not a valid replacement PDDL problem
living_room__F3_LEFT_CUP_ON_SHARED__fixed_full_inspection__r00,living_room,F3_LEFT_CUP_ON_SHARED,fixed_full_inspection,0,True,True,UNRESOLVED_IDENTITY_FAILURE,INVALID_CORRECTION,,corrective response is not a valid replacement PDDL problem
living_room__F3_LEFT_CUP_ON_SHARED__initial_observation_only__r00,living_room,F3_LEFT_CUP_ON_SHARED,initial_observation_only,0,True,True,UNRESOLVED_IDENTITY_FAILURE,ENTITY_RESOLUTION,ENTITY_RESOLUTION,no class-compatible visible entity is close enough to 'remote_1'
living_room__F4_SAUCER_PREPLACED_CUP_ON_SHARED__fixed_full_inspection__r00,living_room,F4_SAUCER_PREPLACED_CUP_ON_SHARED,fixed_full_inspection,0,True,True,UNRESOLVED_IDENTITY_FAILURE,ENTITY_RESOLUTION,ENTITY_RESOLUTION,no class-compatible visible entity is close enough to 'cup_1'
living_room__F4_SAUCER_PREPLACED_CUP_ON_SHARED__initial_observation_only__r00,living_room,F4_SAUCER_PREPLACED_CUP_ON_SHARED,initial_observation_only,0,True,True,UNRESOLVED_INCONSISTENT_CORRECTIVE_FACT_SET,INVALID_CORRECTION,,corrective response is not a valid replacement PDDL problem
living_room__F5_LEFT_PAIR_ON_SHARED__fixed_full_inspection__r00,living_room,F5_LEFT_PAIR_ON_SHARED,fixed_full_inspection,0,True,True,UNRESOLVED_IDENTITY_FAILURE,INVALID_CORRECTION,,corrective response is not a valid replacement PDDL problem
living_room__F5_LEFT_PAIR_ON_SHARED__initial_observation_only__r00,living_room,F5_LEFT_PAIR_ON_SHARED,initial_observation_only,0,True,True,UNRESOLVED_IDENTITY_FAILURE,INVALID_CORRECTION,,corrective response is not a valid replacement PDDL problem
living_room__I0_NO_SHARED_TABLE__fixed_full_inspection__r00,living_room,I0_NO_SHARED_TABLE,fixed_full_inspection,0,False,True,UNRESOLVED_UNREACHABLE_CORRECTED_GOAL,INVALID_CORRECTION,,corrective response is not a valid replacement PDDL problem
living_room__I0_NO_SHARED_TABLE__initial_observation_only__r00,living_room,I0_NO_SHARED_TABLE,initial_observation_only,0,False,True,UNRESOLVED_UNREACHABLE_CORRECTED_GOAL,INVALID_CORRECTION,,corrective response is not a valid replacement PDDL problem
living_room__I1_NO_LEFT_PERSONAL_TABLE__fixed_full_inspection__r00,living_room,I1_NO_LEFT_PERSONAL_TABLE,fixed_full_inspection,0,False,True,UNRESOLVED_UNREACHABLE_CORRECTED_GOAL,INVALID_CORRECTION,,corrective response is not a valid replacement PDDL problem
living_room__I1_NO_LEFT_PERSONAL_TABLE__initial_observation_only__r00,living_room,I1_NO_LEFT_PERSONAL_TABLE,initial_observation_only,0,False,True,UNRESOLVED_UNREACHABLE_CORRECTED_GOAL,INVALID_CORRECTION,,corrective response is not a valid replacement PDDL problem
living_room__I2_NO_PERSONAL_TABLES__fixed_full_inspection__r00,living_room,I2_NO_PERSONAL_TABLES,fixed_full_inspection,0,False,True,UNRESOLVED_UNREACHABLE_CORRECTED_GOAL,INVALID_CORRECTION,,corrective response is not a valid replacement PDDL problem
living_room__I2_NO_PERSONAL_TABLES__initial_observation_only__r00,living_room,I2_NO_PERSONAL_TABLES,initial_observation_only,0,False,True,UNRESOLVED_UNREACHABLE_CORRECTED_GOAL,INVALID_CORRECTION,,corrective response is not a valid replacement PDDL problem
living_room__I3_NO_TABLES__fixed_full_inspection__r00,living_room,I3_NO_TABLES,fixed_full_inspection,0,False,True,UNRESOLVED_UNREACHABLE_CORRECTED_GOAL,INVALID_CORRECTION,,corrective response is not a valid replacement PDDL problem
living_room__I3_NO_TABLES__initial_observation_only__r00,living_room,I3_NO_TABLES,initial_observation_only,0,False,True,UNRESOLVED_UNREACHABLE_CORRECTED_GOAL,INVALID_CORRECTION,,corrective response is not a valid replacement PDDL problem
workshop__F0_MANUAL_FIRST_ONE_REGION__fixed_full_inspection__r00,workshop,F0_MANUAL_FIRST_ONE_REGION,fixed_full_inspection,0,True,True,SYMBOLIC_NO_PLAN_AFTER_BOUNDED_CP,NO_PLAN,NO_PLAN,Fast Downward search exited with 12
workshop__F0_MANUAL_FIRST_ONE_REGION__initial_observation_only__r00,workshop,F0_MANUAL_FIRST_ONE_REGION,initial_observation_only,0,True,True,UNRESOLVED_REFINEMENT_FAILURE,INVALID_CORRECTION,,corrective response is not a valid replacement PDDL problem
workshop__F1_POWER_FIRST_ONE_REGION__fixed_full_inspection__r00,workshop,F1_POWER_FIRST_ONE_REGION,fixed_full_inspection,0,True,True,SYMBOLIC_NO_PLAN_AFTER_BOUNDED_CP,NO_PLAN,NO_PLAN,Fast Downward search exited with 12
workshop__F1_POWER_FIRST_ONE_REGION__initial_observation_only__r00,workshop,F1_POWER_FIRST_ONE_REGION,initial_observation_only,0,True,True,UNRESOLVED_UNREACHABLE_CORRECTED_GOAL,INVALID_CORRECTION,,corrective response is not a valid replacement PDDL problem
workshop__F2_MANUAL_FIRST_TWO_REGIONS__fixed_full_inspection__r00,workshop,F2_MANUAL_FIRST_TWO_REGIONS,fixed_full_inspection,0,True,True,UNRESOLVED_IDENTITY_FAILURE,ENTITY_RESOLUTION,ENTITY_RESOLUTION,no class-compatible visible entity is close enough to 'driver_1'
workshop__F2_MANUAL_FIRST_TWO_REGIONS__initial_observation_only__r00,workshop,F2_MANUAL_FIRST_TWO_REGIONS,initial_observation_only,0,True,True,UNRESOLVED_UNREACHABLE_CORRECTED_GOAL,INVALID_CORRECTION,,corrective response is not a valid replacement PDDL problem
workshop__F3_POWER_FIRST_TWO_REGIONS__fixed_full_inspection__r00,workshop,F3_POWER_FIRST_TWO_REGIONS,fixed_full_inspection,0,True,True,UNRESOLVED_IDENTITY_FAILURE,ENTITY_RESOLUTION,ENTITY_RESOLUTION,no class-compatible visible entity is close enough to 'driver_1'
workshop__F3_POWER_FIRST_TWO_REGIONS__initial_observation_only__r00,workshop,F3_POWER_FIRST_TWO_REGIONS,initial_observation_only,0,True,True,UNRESOLVED_UNREACHABLE_CORRECTED_GOAL,INVALID_CORRECTION,,corrective response is not a valid replacement PDDL problem
workshop__F4_MANUAL_FIRST_THREE_REGIONS__fixed_full_inspection__r00,workshop,F4_MANUAL_FIRST_THREE_REGIONS,fixed_full_inspection,0,True,True,UNRESOLVED_IDENTITY_FAILURE,ENTITY_RESOLUTION,ENTITY_RESOLUTION,no class-compatible visible entity is close enough to 'driver_1'
workshop__F4_MANUAL_FIRST_THREE_REGIONS__initial_observation_only__r00,workshop,F4_MANUAL_FIRST_THREE_REGIONS,initial_observation_only,0,True,True,UNRESOLVED_IDENTITY_FAILURE,ENTITY_RESOLUTION,ENTITY_RESOLUTION,no class-compatible visible entity is close enough to 'driver_1'
workshop__F5_POWER_FIRST_THREE_REGIONS__fixed_full_inspection__r00,workshop,F5_POWER_FIRST_THREE_REGIONS,fixed_full_inspection,0,True,True,UNRESOLVED_IDENTITY_FAILURE,ENTITY_RESOLUTION,ENTITY_RESOLUTION,no class-compatible visible entity is close enough to 'driver_1'
workshop__F5_POWER_FIRST_THREE_REGIONS__initial_observation_only__r00,workshop,F5_POWER_FIRST_THREE_REGIONS,initial_observation_only,0,True,True,UNRESOLVED_IDENTITY_FAILURE,INVALID_CORRECTION,,corrective response is not a valid replacement PDDL problem
workshop__F6_MANUAL_ONLY__initial_observation_only__r00,workshop,F6_MANUAL_ONLY,initial_observation_only,0,True,True,UNRESOLVED_UNREACHABLE_CORRECTED_GOAL,INVALID_CORRECTION,,corrective response is not a valid replacement PDDL problem
workshop__F7_POWER_ONLY__fixed_full_inspection__r00,workshop,F7_POWER_ONLY,fixed_full_inspection,0,True,True,UNRESOLVED_IDENTITY_FAILURE,INVALID_CORRECTION,,corrective response is not a valid replacement PDDL problem
workshop__F7_POWER_ONLY__initial_observation_only__r00,workshop,F7_POWER_ONLY,initial_observation_only,0,True,True,UNRESOLVED_UNREACHABLE_CORRECTED_GOAL,INVALID_CORRECTION,,corrective response is not a valid replacement PDDL problem
workshop__I0_NO_DRIVER__fixed_full_inspection__r00,workshop,I0_NO_DRIVER,fixed_full_inspection,0,False,True,SYMBOLIC_NO_PLAN_AFTER_BOUNDED_CP,NO_PLAN,NO_PLAN,Fast Downward search exited with 12
workshop__I0_NO_DRIVER__initial_observation_only__r00,workshop,I0_NO_DRIVER,initial_observation_only,0,False,True,UNRESOLVED_IDENTITY_FAILURE,ENTITY_RESOLUTION,ENTITY_RESOLUTION,no class-compatible visible entity is close enough to 'driver_1'
workshop__I1_NO_SCREW__fixed_full_inspection__r00,workshop,I1_NO_SCREW,fixed_full_inspection,0,False,True,UNRESOLVED_UNREACHABLE_CORRECTED_GOAL,INVALID_CORRECTION,,corrective response is not a valid replacement PDDL problem
workshop__I1_NO_SCREW__initial_observation_only__r00,workshop,I1_NO_SCREW,initial_observation_only,0,False,True,UNRESOLVED_UNREACHABLE_CORRECTED_GOAL,INVALID_CORRECTION,,corrective response is not a valid replacement PDDL problem
