case_id,domain,variant,internal_variant,trial_type,search_order,seed,expected_status,actual_status,status_match,inspected_count,inspected_regions,plan_length,runtime_sec,ref_complete,exact_structural_match,role_precision,role_recall,relation_precision,relation_recall,spec_sha256
kitchen_K1,kitchen,K1,F0_ALL_VISIBLE,live,auto,,ACTION_SEQUENCE_READY,INFEASIBLE,False,5,D1;D2;C2;B1;C1,0,59.6335,False,False,1.0,0.6666666666666666,1.0,0.25,6ea00b42e8927a61ada3eaca83649f2e123c34b7e803df452bdf7f120864eb24
kitchen_K1,kitchen,K1,F0_ALL_VISIBLE,provider_replay,provider,,ACTION_SEQUENCE_READY,INFEASIBLE,False,5,D1;D2;C2;B1;C1,0,29.5313,False,False,1.0,0.6666666666666666,1.0,0.25,6ea00b42e8927a61ada3eaca83649f2e123c34b7e803df452bdf7f120864eb24
kitchen_K2,kitchen,K2,F1_HIDDEN_COFFEE_VESSEL,live,auto,,ACTION_SEQUENCE_READY,INCOMPLETE,False,5,D1;D2;C2;B1;C1,0,70.1196,False,False,1.0,0.5,0.0,0.0,902387ee82264812517c64f3c0aeacdcc756f6b608ddb10bf5c8592028b7335b
kitchen_K2,kitchen,K2,F1_HIDDEN_COFFEE_VESSEL,provider_replay,provider,,ACTION_SEQUENCE_READY,INCOMPLETE,False,5,D1;D2;C2;B1;C1,0,27.4356,False,False,1.0,0.5,0.0,0.0,902387ee82264812517c64f3c0aeacdcc756f6b608ddb10bf5c8592028b7335b
kitchen_K3,kitchen,K3,F2_HIDDEN_SOUP_BOWL,live,auto,,ACTION_SEQUENCE_READY,VLM_SPEC_FAILED,False,0,,0,23.2849,False,False,0.0,0.0,0.0,0.0,
kitchen_K4,kitchen,K4,F3_HIDDEN_VESSELS_MIXED,live,auto,,ACTION_SEQUENCE_READY,INCOMPLETE,False,5,D1;D2;C2;B1;C1,0,48.4025,False,False,1.0,0.6666666666666666,1.0,0.5,f3de93308d092a2998d8907f54b73a3305f260b13e3db0ff18243b6ad2d408c1
kitchen_K4,kitchen,K4,F3_HIDDEN_VESSELS_MIXED,provider_replay,provider,,ACTION_SEQUENCE_READY,INCOMPLETE,False,5,D1;D2;C2;B1;C1,0,27.1489,False,False,1.0,0.6666666666666666,1.0,0.5,f3de93308d092a2998d8907f54b73a3305f260b13e3db0ff18243b6ad2d408c1
kitchen_K5,kitchen,K5,F4_TOOLS_IN_DRAWERS,live,auto,,ACTION_SEQUENCE_READY,INCOMPLETE,False,5,D1;D2;C2;B1;C1,0,49.316,False,False,1.0,0.6666666666666666,0.6666666666666666,0.5,eef06b23eef70d499e3901ca13ec917adadf13b4eb93e7b8225e23d9fbd705bb
kitchen_K5,kitchen,K5,F4_TOOLS_IN_DRAWERS,provider_replay,provider,,ACTION_SEQUENCE_READY,INCOMPLETE,False,5,D1;D2;C2;B1;C1,0,28.0372,False,False,1.0,0.6666666666666666,0.6666666666666666,0.5,eef06b23eef70d499e3901ca13ec917adadf13b4eb93e7b8225e23d9fbd705bb
kitchen_K6,kitchen,K6,F5_FULL_DISTRIBUTED_SEARCH,live,auto,,ACTION_SEQUENCE_READY,INFEASIBLE,False,4,D1;D2;C2;B1,0,48.6992,False,False,1.0,0.5,0.3333333333333333,0.25,cd9b0ad144ac0a17c30b2fcc023d31baf0e0f79a2fc6d4694731efefeb7628f6
kitchen_K6,kitchen,K6,F5_FULL_DISTRIBUTED_SEARCH,provider_replay,provider,,ACTION_SEQUENCE_READY,INFEASIBLE,False,4,D1;D2;C2;B1,0,22.5583,False,False,1.0,0.5,0.3333333333333333,0.25,cd9b0ad144ac0a17c30b2fcc023d31baf0e0f79a2fc6d4694731efefeb7628f6
kitchen_K7,kitchen,K7,I0_MISSING_COFFEE_VESSEL,live,auto,,INFEASIBLE,INFEASIBLE,True,5,D1;D2;C2;B1;C1,0,59.7836,False,False,1.0,0.6666666666666666,0.3333333333333333,0.25,2db6feb74b92f7f2c00f3d19a290c1b7188db796b1d5c8cbbd01a8677685e496
kitchen_K7,kitchen,K7,I0_MISSING_COFFEE_VESSEL,provider_replay,provider,,INFEASIBLE,INFEASIBLE,True,5,D1;D2;C2;B1;C1,0,25.6855,False,False,1.0,0.6666666666666666,0.3333333333333333,0.25,2db6feb74b92f7f2c00f3d19a290c1b7188db796b1d5c8cbbd01a8677685e496
kitchen_K8,kitchen,K8,I1_MISSING_SOUP_BOWL,live,auto,,INFEASIBLE,INCOMPLETE,False,5,D1;D2;C2;B1;C1,0,55.3,False,False,1.0,0.6666666666666666,0.4,0.5,0ade4df8496e057a458423bbbc6a7e1337c0cf389a06d1741a78b70cb84d85eb
kitchen_K8,kitchen,K8,I1_MISSING_SOUP_BOWL,provider_replay,provider,,INFEASIBLE,INCOMPLETE,False,5,D1;D2;C2;B1;C1,0,26.4524,False,False,1.0,0.6666666666666666,0.4,0.5,0ade4df8496e057a458423bbbc6a7e1337c0cf389a06d1741a78b70cb84d85eb
kitchen_K9,kitchen,K9,I2_MISSING_COFFEE_SPOON,live,auto,,INFEASIBLE,INFEASIBLE,True,5,D1;D2;C2;B1;C1,0,53.7525,False,False,1.0,0.6666666666666666,0.2857142857142857,0.5,a5b8a54ea1a5f4515e05cc4ee92fd5d9a4d34313a09d8ef16eae6714835539fb
kitchen_K9,kitchen,K9,I2_MISSING_COFFEE_SPOON,provider_replay,provider,,INFEASIBLE,INFEASIBLE,True,5,D1;D2;C2;B1;C1,0,24.8183,False,False,1.0,0.6666666666666666,0.2857142857142857,0.5,a5b8a54ea1a5f4515e05cc4ee92fd5d9a4d34313a09d8ef16eae6714835539fb
kitchen_K10,kitchen,K10,I3_MISSING_SOUP_UTENSIL,live,auto,,INFEASIBLE,VLM_SPEC_FAILED,False,0,,0,601.6966,False,False,0.0,0.0,0.0,0.0,
kitchen_K11,kitchen,K11,I4_MISSING_KETTLE,live,auto,,INFEASIBLE,INCOMPLETE,False,5,D1;D2;C2;B1;C1,0,50.7614,False,False,1.0,0.6666666666666666,0.4,0.5,c3d6685c9616f531c7d3c3961c605ded9eb8ed419558babc617fc737c031f004
kitchen_K11,kitchen,K11,I4_MISSING_KETTLE,provider_replay,provider,,INFEASIBLE,INCOMPLETE,False,5,D1;D2;C2;B1;C1,0,25.2662,False,False,1.0,0.6666666666666666,0.4,0.5,c3d6685c9616f531c7d3c3961c605ded9eb8ed419558babc617fc737c031f004
kitchen_K12,kitchen,K12,I5_MISSING_COFFEE_JAR,live,auto,,INFEASIBLE,INCOMPLETE,False,5,D1;D2;C2;B1;C1,0,42.3306,False,False,1.0,0.6666666666666666,0.2,0.25,bdf936a39b6134266490d59337eade80f859ca4007e7d65a4a470a42b72fbeeb
kitchen_K12,kitchen,K12,I5_MISSING_COFFEE_JAR,provider_replay,provider,,INFEASIBLE,INCOMPLETE,False,5,D1;D2;C2;B1;C1,0,24.4498,False,False,1.0,0.6666666666666666,0.2,0.25,bdf936a39b6134266490d59337eade80f859ca4007e7d65a4a470a42b72fbeeb
living_room_L1,living_room,L1,F0_ALL_OBJECTS_IN_STAGING,live,auto,,ACTION_SEQUENCE_READY,INFEASIBLE,False,0,,0,23.939,False,False,1.0,0.6666666666666666,0.0,0.0,da157622c5d859919b10fd4397898014919ef6e3d3db25bed34ac798c399bc99
living_room_L1,living_room,L1,F0_ALL_OBJECTS_IN_STAGING,provider_replay,provider,,ACTION_SEQUENCE_READY,INFEASIBLE,False,0,,0,7.8068,False,False,1.0,0.6666666666666666,0.0,0.0,da157622c5d859919b10fd4397898014919ef6e3d3db25bed34ac798c399bc99
living_room_L2,living_room,L2,F1_LEFT_SAUCER_PREPLACED,live,auto,,ACTION_SEQUENCE_READY,INFEASIBLE,False,0,,0,25.2276,False,False,1.0,0.6666666666666666,0.0,0.0,18eb5c18be766b94506b8eb958425470be0b74ffdc6bd6511a25b39435d21f98
living_room_L2,living_room,L2,F1_LEFT_SAUCER_PREPLACED,provider_replay,provider,,ACTION_SEQUENCE_READY,INFEASIBLE,False,0,,0,7.874,False,False,1.0,0.6666666666666666,0.0,0.0,18eb5c18be766b94506b8eb958425470be0b74ffdc6bd6511a25b39435d21f98
living_room_L3,living_room,L3,F2_LEFT_SAUCER_ON_SHARED,live,auto,,ACTION_SEQUENCE_READY,INFEASIBLE,False,0,,0,23.7658,False,False,1.0,0.5,0.0,0.0,371fff5e6cdb8489fc0e3030fcf392e4c9ae9d12d71c4499adda31e3fd0e0a8f
living_room_L3,living_room,L3,F2_LEFT_SAUCER_ON_SHARED,provider_replay,provider,,ACTION_SEQUENCE_READY,INFEASIBLE,False,0,,0,8.2205,False,False,1.0,0.5,0.0,0.0,371fff5e6cdb8489fc0e3030fcf392e4c9ae9d12d71c4499adda31e3fd0e0a8f
living_room_L4,living_room,L4,F3_LEFT_CUP_ON_SHARED,live,auto,,ACTION_SEQUENCE_READY,VLM_SPEC_FAILED,False,0,,0,12.8406,False,False,0.0,0.0,0.0,0.0,
living_room_L5,living_room,L5,F4_SAUCER_PREPLACED_CUP_ON_SHARED,live,auto,,ACTION_SEQUENCE_READY,VLM_SPEC_FAILED,False,0,,0,19.3156,False,False,0.0,0.0,0.0,0.0,
living_room_L6,living_room,L6,F5_LEFT_PAIR_ON_SHARED,live,auto,,ACTION_SEQUENCE_READY,VLM_SPEC_FAILED,False,0,,0,17.5333,False,False,0.0,0.0,0.0,0.0,
living_room_L7,living_room,L7,I0_NO_SHARED_TABLE,live,auto,,INFEASIBLE,VLM_SPEC_FAILED,False,0,,0,12.4192,False,False,0.0,0.0,0.0,0.0,
living_room_L8,living_room,L8,I1_NO_LEFT_PERSONAL_TABLE,live,auto,,INFEASIBLE,INFEASIBLE,True,0,,0,24.3833,False,False,1.0,0.6666666666666666,0.0,0.0,c584784fd182e647e93adf3f0dcd64af44eb20a8e66ee3ab7123b36b73ef909d
living_room_L8,living_room,L8,I1_NO_LEFT_PERSONAL_TABLE,provider_replay,provider,,INFEASIBLE,INFEASIBLE,True,0,,0,7.4202,False,False,1.0,0.6666666666666666,0.0,0.0,c584784fd182e647e93adf3f0dcd64af44eb20a8e66ee3ab7123b36b73ef909d
living_room_L9,living_room,L9,I2_NO_PERSONAL_TABLES,live,auto,,INFEASIBLE,VLM_SPEC_FAILED,False,0,,0,20.3109,False,False,0.0,0.0,0.0,0.0,
living_room_L10,living_room,L10,I3_NO_TABLES,live,auto,,INFEASIBLE,INFEASIBLE,True,0,,0,27.3612,False,False,1.0,0.5,0.0,0.0,5b50a71a12afef502f8c8faaa41ad098fa6a8fd39a7c15a2af38eada7975c485
living_room_L10,living_room,L10,I3_NO_TABLES,provider_replay,provider,,INFEASIBLE,INFEASIBLE,True,0,,0,6.0852,False,False,1.0,0.5,0.0,0.0,5b50a71a12afef502f8c8faaa41ad098fa6a8fd39a7c15a2af38eada7975c485
workshop_W1,workshop,W1,F0_MANUAL_FIRST_ONE_REGION,live,auto,,ACTION_SEQUENCE_READY,VLM_SPEC_FAILED,False,0,,0,8.5119,False,False,0.0,0.0,0.0,0.0,
workshop_W2,workshop,W2,F1_POWER_FIRST_ONE_REGION,live,auto,,ACTION_SEQUENCE_READY,VLM_SPEC_FAILED,False,0,,0,17.8051,False,False,0.0,0.0,0.0,0.0,
workshop_W3,workshop,W3,F2_MANUAL_FIRST_TWO_REGIONS,live,auto,,ACTION_SEQUENCE_READY,VLM_SPEC_FAILED,False,0,,0,9.9116,False,False,0.0,0.0,0.0,0.0,
workshop_W4,workshop,W4,F3_POWER_FIRST_TWO_REGIONS,live,auto,,ACTION_SEQUENCE_READY,VLM_SPEC_FAILED,False,0,,0,9.927,False,False,0.0,0.0,0.0,0.0,
workshop_W5,workshop,W5,F4_MANUAL_FIRST_THREE_REGIONS,live,auto,,ACTION_SEQUENCE_READY,VLM_SPEC_FAILED,False,0,,0,7.9649,False,False,0.0,0.0,0.0,0.0,
workshop_W6,workshop,W6,F5_POWER_FIRST_THREE_REGIONS,live,auto,,ACTION_SEQUENCE_READY,VLM_SPEC_FAILED,False,0,,0,15.0423,False,False,0.0,0.0,0.0,0.0,
workshop_W7,workshop,W7,F6_MANUAL_ONLY,live,auto,,ACTION_SEQUENCE_READY,VLM_SPEC_FAILED,False,0,,0,15.0772,False,False,0.0,0.0,0.0,0.0,
workshop_W8,workshop,W8,F7_POWER_ONLY,live,auto,,ACTION_SEQUENCE_READY,VLM_SPEC_FAILED,False,0,,0,17.4375,False,False,0.0,0.0,0.0,0.0,
workshop_W9,workshop,W9,I0_NO_DRIVER,live,auto,,INFEASIBLE,VLM_SPEC_FAILED,False,0,,0,13.7401,False,False,0.0,0.0,0.0,0.0,
workshop_W10,workshop,W10,I1_NO_SCREW,live,auto,,INFEASIBLE,VLM_SPEC_FAILED,False,0,,0,12.8164,False,False,0.0,0.0,0.0,0.0,
