domain,variant,trial,feasible,strict_v3_valid,strict_v3_error,task_valid,task_error,graph_compiled,compile_error,n_relations_compiled,n_operation_groups,n_disabled_operations,contract_complete,canonical_graph_emitted,executable_contract_complete,canonicalization_status,n_provisional_ops,n_task_causal,n_unresolved_required_relations,n_unresolved_required_operations,n_canonical_relations_in_doc,n_canonical_groups_in_doc,runtime_sec,pipeline_status,outcome_category,failure_category,failure_reason,n_inspected_regions,grounding_reached,grounding_status,grounding_satisfied,grounding_complete,grounding_failure_kind,complete_grounding,grounding_sec,astar_invocations,astar_reached,plan_length,symbolic_validation,symbolic_goal_status,success,semantic_vlm_requests,gt_goals_total,gt_goals_satisfied,gt_goal_coverage,gt_full_task_satisfied,outcome_correct,false_completion,contract_missing_reasons,executable_contract_missing_reasons
kitchen,K10,trial_01,False,True,,True,,True,,4,3,0,False,True,False,PARTIAL,0,1,1,0,5,3,44.89,NO_MEANINGFUL_CANDIDATE_PLAN,GRAPH_COMPILATION_FAILURE,,NO_COMPLETE_FUNCTIONAL_WITNESS,5,True,INFEASIBLE,False,False,OBJECT_DISCOVERY_FAILURE,False,,0,False,0,,,False,0,4,0,0.0,False,True,False,"[""Unresolved roles: [{'raw_role': {'id': 'soup_ingredient', 'entity_kind': 'OBJECT', 'function': 'Food for soup', 'required_count': 2, 'binding_policy': 'DISTINCT', 'candidate_categories': ['liquid food', 'stew', 'broth'], 'required_properties': ['edible'], 'visible_candidates': [{'label': 'bowl with "", 'Unresolved required relations: [{\'raw_subject\': \'coffee_cup\', \'raw_phrase\': \'contains\', \'raw_object\': \'coffee_ingredient\', \'status\': \'UNINTERPRETABLE_REQUIRED_RELATION\', \'reason\': ""Relation text \'contains\' provides no semantic evidence for valid predicates [] or task causal semantics""}]']","['Required relations the runtime cannot represent: [{\'raw_subject\': \'coffee_cup\', \'raw_phrase\': \'contains\', \'raw_object\': \'coffee_ingredient\', \'status\': \'UNINTERPRETABLE_REQUIRED_RELATION\', \'reason\': ""Relation text \'contains\' provides no semantic evidence for valid predicates [] or task causal semanti', 'Uninterpretable required relations: [{\'raw_subject\': \'coffee_cup\', \'raw_phrase\': \'contains\', \'raw_object\': \'coffee_ingredient\', \'status\': \'UNINTERPRETABLE_REQUIRED_RELATION\', \'reason\': ""Relation text \'contains\' provides no semantic evidence for valid predicates [] or task causal semantics"", \'require']"
kitchen,K10,trial_02,False,True,,True,,True,,2,3,0,False,True,False,PARTIAL,0,1,0,1,5,3,39.65,PARTIAL_ACTION_SEQUENCE_READY,GRAPH_COMPILATION_FAILURE,,,5,True,COMPLETE,True,True,,False,,1,True,22,VALID,GOAL_SATISFIED,False,0,4,2,0.5,False,True,False,"[""Unresolved roles: [{'raw_role': {'id': 'soup_portion', 'entity_kind': 'OBJECT', 'function': 'Hot food item served in the bowl.', 'required_count': 2, 'binding_policy': 'DISTINCT', 'candidate_categories': ['soup', 'broth', 'stew', 'porridge'], 'required_properties': ['edible', 'hot_or_warm'], 'visibl"", ""Unresolved required operations: [{'id': 'op_02', 'participant_roles': ['coffee_cup'], 'reason': 'TOO_FEW_DISTINCT_PARTICIPANTS_TO_STATE_A_RELATION', 'requirement_provenance': 'DERIVED_FROM_EXPLICIT_OPERATION', 'operation': 'stir_coffee', 'semantic_capability_candidates': [], 'status': 'UNRESOLVED_RE""]","[""Required operations the runtime cannot represent: [{'id': 'op_02', 'participant_roles': ['coffee_cup'], 'reason': 'TOO_FEW_DISTINCT_PARTICIPANTS_TO_STATE_A_RELATION', 'requirement_provenance': 'DERIVED_FROM_EXPLICIT_OPERATION', 'operation': 'stir_coffee', 'semantic_capability_candidates': [], 'statu""]"
kitchen,K10,trial_03,False,True,,True,,True,,6,4,0,False,True,True,PARTIAL,0,2,0,0,6,4,40.99,PARTIAL_ACTION_SEQUENCE_READY,OBJECT_DISCOVERY_FAILURE,,,5,True,PARTIAL_VERIFIED_GROUNDING,False,False,OBJECT_DISCOVERY_FAILURE,False,,1,True,20,VALID,GOAL_SATISFIED,False,0,4,0,0.0,False,True,False,"[""Unresolved roles: [{'raw_role': {'id': 'soup_source', 'entity_kind': 'OBJECT', 'function': 'The soup ingredient or container.', 'required_count': 2, 'binding_policy': 'DISTINCT', 'candidate_categories': ['can of soup', 'bowl of soup', 'packet of soup'], 'required_properties': ['contains edible liqui""]",[]
kitchen,K11,trial_01,False,True,,True,,True,,5,4,0,False,True,False,PARTIAL,0,2,0,1,4,4,44.24,NO_MEANINGFUL_CANDIDATE_PLAN,GRAPH_COMPILATION_FAILURE,,"('water_source',)",5,True,INFEASIBLE,False,False,OBJECT_DISCOVERY_FAILURE,False,,0,False,0,,,False,0,4,0,0.0,False,True,False,"[""Unresolved roles: [{'raw_role': {'id': 'soup_ingredient', 'entity_kind': 'OBJECT', 'function': 'Provide food for soup', 'required_count': 2, 'binding_policy': 'SHARED', 'candidate_categories': ['food', 'broth', 'solid'], 'required_properties': ['edible', 'liquid_content'], 'visible_candidates': [{'l"", ""Unresolved required operations: [{'id': 'op_stir_coffee', 'operation': 'Stir coffee beverage.', 'participant_roles': ['coffee_beverage', 'stirring_utensil'], 'semantic_capability_candidates': ['STIR_COFFEE'], 'reason': 'NO_CAPABILITY_SIGNATURE_ACCEPTS_THESE_PARTICIPANTS', 'requirement_provenance': '""]","[""Required operations the runtime cannot represent: [{'id': 'op_stir_coffee', 'operation': 'Stir coffee beverage.', 'participant_roles': ['coffee_beverage', 'stirring_utensil'], 'semantic_capability_candidates': ['STIR_COFFEE'], 'reason': 'NO_CAPABILITY_SIGNATURE_ACCEPTS_THESE_PARTICIPANTS', 'requirem""]"
kitchen,K11,trial_02,False,True,,True,,True,,4,4,0,False,True,True,PARTIAL,0,3,0,0,6,4,37.53,NO_MEANINGFUL_CANDIDATE_PLAN,FUNCTIONAL_ASSIGNMENT_FAILURE,,,5,True,PARTIAL_VERIFIED_GROUNDING,False,False,FUNCTIONAL_ASSIGNMENT_FAILURE,False,,1,False,0,VALID,GOAL_SATISFIED,False,0,4,0,0.0,False,True,False,"[""Unresolved roles: [{'raw_role': {'id': 'soup', 'entity_kind': 'OBJECT', 'function': 'Food to be served', 'required_count': 2, 'binding_policy': 'DISTINCT', 'candidate_categories': ['soup', 'broth', 'stew'], 'required_properties': ['liquid', 'edible'], 'visible_candidates': [], 'description': ''}, 's""]",[]
kitchen,K11,trial_03,False,True,,True,,True,,4,4,0,False,True,False,PARTIAL,0,3,0,1,4,4,39.41,NO_MEANINGFUL_CANDIDATE_PLAN,GRAPH_COMPILATION_FAILURE,,"('water_source',)",5,True,INFEASIBLE,False,False,OBJECT_DISCOVERY_FAILURE,False,,0,False,0,,,False,0,4,0,0.0,False,True,False,"[""Unresolved roles: [{'raw_role': {'id': 'soup_content', 'entity_kind': 'OBJECT', 'function': 'Food for soup', 'required_count': 2, 'binding_policy': 'REUSABLE', 'candidate_categories': ['food', 'broth', 'soup'], 'required_properties': ['edible liquid/solid'], 'visible_candidates': [], 'description': "", ""Unresolved required operations: [{'id': 'serve_meal', 'operation': 'Place finished items for serving', 'participant_roles': ['coffee_cup', 'soup_bowl'], 'semantic_capability_candidates': [], 'reason': 'NO_RUNTIME_CAPABILITY_MATCHES_THIS_OPERATION_PHRASE', 'requirement_provenance': 'INSTRUCTION_CLAUS""]","[""Required operations the runtime cannot represent: [{'id': 'serve_meal', 'operation': 'Place finished items for serving', 'participant_roles': ['coffee_cup', 'soup_bowl'], 'semantic_capability_candidates': [], 'reason': 'NO_RUNTIME_CAPABILITY_MATCHES_THIS_OPERATION_PHRASE', 'requirement_provenance': ""]"
kitchen,K12,trial_01,False,True,,True,,True,,4,4,0,False,True,True,PARTIAL,0,2,0,0,6,4,43.02,PARTIAL_ACTION_SEQUENCE_READY,OBJECT_DISCOVERY_FAILURE,,,5,True,PARTIAL_VERIFIED_GROUNDING,False,False,OBJECT_DISCOVERY_FAILURE,False,,1,True,22,VALID,GOAL_SATISFIED,False,0,4,2,0.5,False,True,False,"[""Unresolved roles: [{'raw_role': {'id': 'soup_source', 'entity_kind': 'OBJECT', 'function': 'Source of soup', 'required_count': 2, 'binding_policy': 'REUSABLE', 'candidate_categories': ['pot', 'container'], 'required_properties': ['contains_soup'], 'visible_candidates': [], 'description': ''}, 'statu""]",[]
kitchen,K12,trial_02,False,True,,True,,True,,4,4,0,False,True,True,PARTIAL,0,1,0,0,5,4,37.47,PARTIAL_ACTION_SEQUENCE_READY,OBJECT_DISCOVERY_FAILURE,,,5,True,PARTIAL_VERIFIED_GROUNDING,False,False,OBJECT_DISCOVERY_FAILURE,False,,1,True,20,VALID,GOAL_SATISFIED,False,0,4,0,0.0,False,True,False,"[""Unresolved roles: [{'raw_role': {'id': 'soup_liquid', 'entity_kind': 'OBJECT', 'function': 'Food substance to be eaten', 'required_count': 2, 'binding_policy': 'DISTINCT', 'candidate_categories': ['soup', 'broth', 'stew'], 'required_properties': ['liquid food'], 'visible_candidates': [], 'descriptio""]",[]
kitchen,K12,trial_03,False,False,MalformedVLMSpecificationError: V3 schema validation failed: 'schema_version' is a required property,False,,False,,0,0,0,False,False,False,,0,0,0,0,0,0,3.37,VLM_SPEC_FAILED,TASK_SPECIFICATION_FAILURE,SANITIZER_UNRECOVERABLE,No meaningful functional roles recovered,0,False,,False,False,,False,,0,False,0,,,False,0,4,0,0.0,False,True,False,,
kitchen,K1,trial_01,True,True,,True,,True,,5,4,0,False,True,True,PARTIAL,0,1,0,0,4,4,46.16,PARTIAL_ACTION_SEQUENCE_READY,OBJECT_DISCOVERY_FAILURE,,,5,True,PARTIAL_VERIFIED_GROUNDING,False,False,OBJECT_DISCOVERY_FAILURE,False,,1,True,18,VALID,GOAL_SATISFIED,False,0,4,2,0.5,False,False,False,"[""Unresolved roles: [{'raw_role': {'id': 'soup_ingredient', 'entity_kind': 'OBJECT', 'function': 'Soup food source', 'required_count': 2, 'binding_policy': 'REUSABLE', 'candidate_categories': ['soup', 'broth', 'can', 'jar'], 'required_properties': ['edible', 'hot or cold'], 'visible_candidates': [{'la""]",[]
kitchen,K1,trial_02,True,True,,True,,True,,4,4,0,False,True,True,PARTIAL,0,1,0,0,5,4,50.72,PARTIAL_ACTION_SEQUENCE_READY,OBJECT_DISCOVERY_FAILURE,,,5,True,PARTIAL_VERIFIED_GROUNDING,False,False,OBJECT_DISCOVERY_FAILURE,False,,1,True,14,VALID,GOAL_SATISFIED,False,0,4,0,0.0,False,False,False,"[""Unresolved roles: [{'raw_role': {'id': 'soup_food', 'entity_kind': 'OBJECT', 'function': 'Main dish item', 'required_count': 2, 'binding_policy': 'DISTINCT', 'candidate_categories': ['soup', 'broth'], 'required_properties': ['is liquid food'], 'visible_candidates': [], 'description': ''}, 'status': ""]",[]
kitchen,K1,trial_03,True,True,,True,,True,,5,4,0,False,True,True,PARTIAL,0,3,0,0,4,4,44.0,PARTIAL_ACTION_SEQUENCE_READY,OBJECT_DISCOVERY_FAILURE,,,5,True,PARTIAL_VERIFIED_GROUNDING,False,False,OBJECT_DISCOVERY_FAILURE,False,,1,True,16,VALID,GOAL_SATISFIED,False,0,4,0,0.0,False,False,False,"[""Unresolved roles: [{'raw_role': {'id': 'soup', 'entity_kind': 'OBJECT', 'function': 'Food ingredient for soup', 'required_count': 2, 'binding_policy': 'DISTINCT', 'candidate_categories': ['soup can', 'soup pot', 'liquid food'], 'required_properties': ['liquid', 'edible'], 'visible_candidates': [{'la""]",[]
kitchen,K2,trial_01,True,True,,True,,True,,4,4,0,False,True,True,PARTIAL,0,1,0,0,5,4,46.12,PARTIAL_ACTION_SEQUENCE_READY,FUNCTIONAL_ASSIGNMENT_FAILURE,,,5,True,PARTIAL_VERIFIED_GROUNDING,False,False,FUNCTIONAL_ASSIGNMENT_FAILURE,False,,1,True,22,VALID,PARTIAL_GOAL_SATISFIED,False,0,4,1,0.25,False,False,False,"[""Unresolved roles: [{'raw_role': {'id': 'soup', 'entity_kind': 'OBJECT', 'function': 'Food ingredient to be served.', 'required_count': 2, 'binding_policy': 'SHARED', 'candidate_categories': ['liquid_food', 'soup'], 'required_properties': [], 'visible_candidates': [{'label': 'Red liquid in bowls', 'v""]",[]
kitchen,K2,trial_02,True,True,,True,,True,,4,4,0,True,True,True,FULL,0,3,0,0,5,4,49.98,PARTIAL_ACTION_SEQUENCE_READY,OBJECT_DISCOVERY_FAILURE,,,5,True,PARTIAL_VERIFIED_GROUNDING,False,False,OBJECT_DISCOVERY_FAILURE,False,,1,True,24,VALID,GOAL_SATISFIED,False,0,4,2,0.5,False,False,False,[],[]
kitchen,K2,trial_03,True,True,,True,,True,,4,4,0,True,True,True,FULL,0,3,0,0,5,4,43.57,PARTIAL_ACTION_SEQUENCE_READY,OBJECT_DISCOVERY_FAILURE,,,5,True,PARTIAL_VERIFIED_GROUNDING,False,False,OBJECT_DISCOVERY_FAILURE,False,,1,True,24,VALID,GOAL_SATISFIED,False,0,4,2,0.5,False,False,False,[],[]
kitchen,K3,trial_01,True,True,,True,,True,,4,4,0,False,True,False,PARTIAL,0,1,0,1,4,4,44.35,NO_MEANINGFUL_CANDIDATE_PLAN,GRAPH_COMPILATION_FAILURE,,NO_COMPLETE_FUNCTIONAL_WITNESS,5,True,INFEASIBLE,False,False,OBJECT_DISCOVERY_FAILURE,False,,0,False,0,,,False,0,4,0,0.0,False,False,False,"[""Unresolved roles: [{'code': 'AMBIGUOUS_ROLE_MAPPING', 'raw_role': {'id': 'soupsupply', 'entity_kind': 'OBJECT', 'function': 'Provides the soup content.', 'required_count': 1, 'binding_policy': 'SHARED', 'candidate_categories': ['pot', 'container', 'bowl'], 'required_properties': ['contains soup', 'l"", ""Unresolved required operations: [{'id': 'Operation_3', 'operation': 'Pour SoupSupply into SoupContainer', 'participant_roles': ['soupcontainer', 'soupsupply'], 'semantic_capability_candidates': ['TRANSFER_CONTENT_TO_CONTAINER'], 'reason': 'NO_CAPABILITY_SIGNATURE_ACCEPTS_THESE_PARTICIPANTS', 'requir""]","[""Required operations the runtime cannot represent: [{'id': 'Operation_3', 'operation': 'Pour SoupSupply into SoupContainer', 'participant_roles': ['soupcontainer', 'soupsupply'], 'semantic_capability_candidates': ['TRANSFER_CONTENT_TO_CONTAINER'], 'reason': 'NO_CAPABILITY_SIGNATURE_ACCEPTS_THESE_PART""]"
kitchen,K3,trial_02,True,True,,True,,True,,4,4,0,False,True,True,PARTIAL,0,2,0,0,4,4,46.38,PARTIAL_ACTION_SEQUENCE_READY,OBJECT_DISCOVERY_FAILURE,,,5,True,PARTIAL_VERIFIED_GROUNDING,False,False,OBJECT_DISCOVERY_FAILURE,False,,1,True,18,VALID,GOAL_SATISFIED,False,0,4,0,0.0,False,False,False,"[""Unresolved roles: [{'raw_role': {'id': 'soup_food', 'entity_kind': 'OBJECT', 'function': 'Provide the soup substance.', 'required_count': 2, 'binding_policy': 'REUSABLE', 'candidate_categories': ['broth', 'curry', 'stew'], 'required_properties': ['edible', 'hot'], 'visible_candidates': [{'label': 'r""]",[]
kitchen,K3,trial_03,True,True,,True,,True,,4,4,0,False,True,False,PARTIAL,0,1,1,2,6,4,42.95,NO_MEANINGFUL_CANDIDATE_PLAN,GRAPH_COMPILATION_FAILURE,,NO_COMPLETE_FUNCTIONAL_WITNESS,5,True,INFEASIBLE,False,False,FUNCTIONAL_ASSIGNMENT_FAILURE,False,,0,False,0,,,False,0,4,0,0.0,False,False,False,"[""Unresolved roles: [{'code': 'AMBIGUOUS_ROLE_MAPPING', 'raw_role': {'id': 'stove', 'entity_kind': 'FIXED_TARGET', 'function': 'Heat source for preparation', 'required_count': 1, 'binding_policy': 'SHARED', 'candidate_categories': ['stove', 'hotplate', 'kettle'], 'required_properties': ['emits heat', "", ""Unresolved required operations: [{'id': 'heat_soup', 'operation': 'Apply heat to soup bowl', 'participant_roles': ['stove', 'soup_bowl'], 'semantic_capability_candidates': [], 'reason': 'NO_RUNTIME_CAPABILITY_MATCHES_THIS_OPERATION_PHRASE', 'requirement_provenance': 'INSTRUCTION_CLAUSE_SUPPORT', 'st"", ""Unresolved required relations: [{'raw_subject': 'stove', 'raw_phrase': 'Stove heats soup bowl', 'raw_object': 'soup_bowl', 'status': 'UNINTERPRETABLE_REQUIRED_RELATION', 'reason': 'Unresolved or context-only endpoint'}]""]","[""Required operations the runtime cannot represent: [{'id': 'heat_soup', 'operation': 'Apply heat to soup bowl', 'participant_roles': ['stove', 'soup_bowl'], 'semantic_capability_candidates': [], 'reason': 'NO_RUNTIME_CAPABILITY_MATCHES_THIS_OPERATION_PHRASE', 'requirement_provenance': 'INSTRUCTION_CL"", ""Required relations the runtime cannot represent: [{'raw_subject': 'stove', 'raw_phrase': 'Stove heats soup bowl', 'raw_object': 'soup_bowl', 'status': 'UNINTERPRETABLE_REQUIRED_RELATION', 'reason': 'Unresolved or context-only endpoint'}]"", ""Uninterpretable required relations: [{'raw_subject': 'stove', 'raw_phrase': 'Stove heats soup bowl', 'raw_object': 'soup_bowl', 'status': 'UNINTERPRETABLE_REQUIRED_RELATION', 'reason': 'Unresolved or context-only endpoint', 'requirement_provenance': 'INSTRUCTION_CLAUSE_SUPPORT'}]""]"
kitchen,K4,trial_01,True,True,,True,,True,,4,4,0,False,True,True,PARTIAL,0,1,0,0,4,4,45.09,NO_MEANINGFUL_CANDIDATE_PLAN,OBJECT_DISCOVERY_FAILURE,,,5,True,PARTIAL_VERIFIED_GROUNDING,False,False,OBJECT_DISCOVERY_FAILURE,False,,1,False,0,VALID,GOAL_SATISFIED,False,0,4,0,0.0,False,False,False,"[""Unresolved roles: [{'raw_role': {'id': 'soup_liquid', 'entity_kind': 'OBJECT', 'function': 'Food item to be served', 'required_count': 2, 'binding_policy': 'REUSABLE', 'candidate_categories': ['broth', 'puree', 'stew'], 'required_properties': ['hot', 'savory'], 'visible_candidates': [], 'description""]",[]
kitchen,K4,trial_02,True,True,,True,,True,,2,3,0,False,True,False,PARTIAL,0,1,3,0,3,3,38.64,PARTIAL_ACTION_SEQUENCE_READY,GRAPH_COMPILATION_FAILURE,,,4,True,COMPLETE,True,True,,False,,1,True,22,VALID,GOAL_SATISFIED,False,0,4,2,0.5,False,False,False,"[""Unresolved roles: [{'raw_role': {'id': 'soup_content', 'entity_kind': 'OBJECT', 'function': 'Provide edible soup liquid.', 'required_count': 2, 'binding_policy': 'SHARED', 'candidate_categories': ['broth', 'soup', 'liquid food'], 'required_properties': ['liquid consistency'], 'visible_candidates': ["", ""Unresolved required relations: [{'id': 'r1', 'relation': 'contained_in', 'participant_roles': ['coffee_ingredient', 'storage_container'], 'reason': 'NO_LEGAL_ORIENTATION_FOR_PARTICIPANTS', 'requirement_provenance': 'DERIVED_FROM_EXPLICIT_OPERATION', 'status': 'UNRESOLVED_REQUIRED_SEMANTIC'}, {'id': ""]","[""Required relations the runtime cannot represent: [{'id': 'r1', 'relation': 'contained_in', 'participant_roles': ['coffee_ingredient', 'storage_container'], 'reason': 'NO_LEGAL_ORIENTATION_FOR_PARTICIPANTS', 'requirement_provenance': 'DERIVED_FROM_EXPLICIT_OPERATION', 'status': 'UNRESOLVED_REQUIRED_S""]"
kitchen,K4,trial_03,True,True,,True,,True,,4,4,0,False,True,True,PARTIAL,0,3,0,0,4,4,41.49,PARTIAL_ACTION_SEQUENCE_READY,OBJECT_DISCOVERY_FAILURE,,,5,True,PARTIAL_VERIFIED_GROUNDING,False,False,OBJECT_DISCOVERY_FAILURE,False,,1,True,16,VALID,GOAL_SATISFIED,False,0,4,0,0.0,False,False,False,"[""Unresolved roles: [{'raw_role': {'id': 'soup_ingredient', 'entity_kind': 'OBJECT', 'function': 'Food item for soup', 'required_count': 2, 'binding_policy': 'DISTINCT', 'candidate_categories': ['soup', 'broth', 'liquid food'], 'required_properties': ['food', 'liquid'], 'visible_candidates': [{'label'""]",[]
kitchen,K5,trial_01,True,True,,True,,True,,2,1,3,False,True,False,PARTIAL,0,1,6,6,4,4,46.15,NO_MEANINGFUL_CANDIDATE_PLAN,GRAPH_COMPILATION_FAILURE,,"('coffee_source',)",5,True,INCOMPLETE,False,False,FUNCTIONAL_ASSIGNMENT_FAILURE,False,,0,False,0,,,False,0,4,0,0.0,False,False,False,"[""Unresolved roles: [{'raw_role': {'id': 'soup_ingredient', 'entity_kind': 'OBJECT', 'function': 'Raw material for soup', 'required_count': 2, 'binding_policy': 'REUSABLE', 'candidate_categories': ['soup mix', 'pre-made soup', 'ingredients'], 'required_properties': ['edible'], 'visible_candidates': []"", ""Disabled/unsupported operations: [{'raw_group': {'id': 'prep_coffee__primitive_1', 'function': 'transfer material into receiving container', 'tool_role': 'coffee_ingredient', 'target_role': 'cooking_vessel', 'context_role': None, 'required_target_count': 2, 'usage_policy': 'SEQUENTIAL_REUSE_ALLOWED'"", ""Unresolved required operations: [{'id': 'serve_coffee', 'operation': 'pour', 'participant_roles': ['cooking_vessel', 'coffee_cup'], 'semantic_capability_candidates': ['TRANSFER_CONTENT_TO_CONTAINER'], 'reason': 'NO_CAPABILITY_SIGNATURE_ACCEPTS_THESE_PARTICIPANTS', 'requirement_provenance': 'DERIVED_"", ""Unresolved required relations: [{'raw_subject': 'coffee_ingredient', 'raw_phrase': 'mixed_in', 'raw_object': 'cooking_vessel', 'status': 'UNINTERPRETABLE_REQUIRED_RELATION', 'reason': 'Unresolved or context-only endpoint'}, {'raw_subject': 'water', 'raw_phrase': 'mixed_in', 'raw_object': 'cooking_ve""]","[""Required operations the runtime cannot represent: [{'id': 'serve_coffee', 'operation': 'pour', 'participant_roles': ['cooking_vessel', 'coffee_cup'], 'semantic_capability_candidates': ['TRANSFER_CONTENT_TO_CONTAINER'], 'reason': 'NO_CAPABILITY_SIGNATURE_ACCEPTS_THESE_PARTICIPANTS', 'requirement_prov"", ""Required relations the runtime cannot represent: [{'raw_subject': 'coffee_ingredient', 'raw_phrase': 'mixed_in', 'raw_object': 'cooking_vessel', 'status': 'UNINTERPRETABLE_REQUIRED_RELATION', 'reason': 'Unresolved or context-only endpoint'}, {'raw_subject': 'water', 'raw_phrase': 'mixed_in', 'raw_ob"", ""Operations disabled during compilation: [{'raw_group': {'id': 'prep_coffee__primitive_1', 'function': 'transfer material into receiving container', 'tool_role': 'coffee_ingredient', 'target_role': 'cooking_vessel', 'context_role': None, 'required_target_count': 2, 'usage_policy': 'SEQUENTIAL_REUSE_A"", ""Uninterpretable required relations: [{'raw_subject': 'coffee_ingredient', 'raw_phrase': 'mixed_in', 'raw_object': 'cooking_vessel', 'status': 'UNINTERPRETABLE_REQUIRED_RELATION', 'reason': 'Unresolved or context-only endpoint', 'requirement_provenance': 'DERIVED_FROM_EXPLICIT_OPERATION'}, {'raw_subj""]"
kitchen,K5,trial_02,True,True,,True,,True,,4,4,0,False,True,True,PARTIAL,0,3,0,0,3,4,31.68,ACTION_SEQUENCE_READY,SUCCESS,,,2,True,COMPLETE,True,True,,True,,1,True,24,VALID,GOAL_SATISFIED,True,0,4,4,1.0,True,True,False,"[""Unresolved roles: [{'raw_role': {'id': 'soup_ingredient', 'entity_kind': 'OBJECT', 'function': 'Substance to be eaten as soup', 'required_count': 1, 'binding_policy': 'SHARED', 'candidate_categories': ['soup_can', 'soup_pot', 'food_bag'], 'required_properties': ['is_soup'], 'visible_candidates': [],""]",[]
kitchen,K5,trial_03,True,True,,True,,True,,5,4,0,False,True,True,PARTIAL,0,1,0,0,4,4,34.32,ACTION_SEQUENCE_READY,SUCCESS,,,3,True,COMPLETE,True,True,,True,,1,True,24,VALID,GOAL_SATISFIED,True,0,4,4,1.0,True,True,False,"[""Unresolved roles: [{'raw_role': {'id': 'soup_content', 'entity_kind': 'OBJECT', 'function': 'The food substance served in the bowl.', 'required_count': 2, 'binding_policy': 'SHARED', 'candidate_categories': ['soup', 'broth', 'stew'], 'required_properties': ['edible liquid/solid'], 'visible_candidate""]",[]
kitchen,K6,trial_01,True,True,,True,,True,,4,4,0,False,True,True,PARTIAL,0,2,0,0,6,4,43.29,ACTION_SEQUENCE_READY,SUCCESS,,,5,True,COMPLETE,True,True,,True,,1,True,26,VALID,GOAL_SATISFIED,True,0,4,4,1.0,True,True,False,"[""Unresolved roles: [{'raw_role': {'id': 'soup_liquid', 'entity_kind': 'OBJECT', 'function': 'Liquid food component', 'required_count': 2, 'binding_policy': 'SHARED', 'candidate_categories': ['broth', 'liquid_food'], 'required_properties': ['liquid', 'edible'], 'visible_candidates': [{'label': 'red_li""]",[]
kitchen,K6,trial_02,True,True,,True,,True,,4,4,0,True,True,True,FULL,0,1,0,0,6,4,40.72,PARTIAL_ACTION_SEQUENCE_READY,OBJECT_DISCOVERY_FAILURE,,,5,True,PARTIAL_VERIFIED_GROUNDING,False,False,OBJECT_DISCOVERY_FAILURE,False,,1,True,24,VALID,GOAL_SATISFIED,False,0,4,2,0.5,False,False,False,[],[]
kitchen,K6,trial_03,True,True,,True,,True,,4,4,0,False,True,True,PARTIAL,0,1,0,0,4,4,38.8,PARTIAL_ACTION_SEQUENCE_READY,FUNCTIONAL_ASSIGNMENT_FAILURE,,,5,True,PARTIAL_VERIFIED_GROUNDING,False,False,FUNCTIONAL_ASSIGNMENT_FAILURE,False,,1,True,22,VALID,GOAL_SATISFIED,False,0,4,2,0.5,False,False,False,"[""Unresolved roles: [{'raw_role': {'id': 'soup_ingredient', 'entity_kind': 'OBJECT', 'function': 'Supplies soup liquid/base', 'required_count': 1, 'binding_policy': 'SHARED', 'candidate_categories': ['soup pot', 'can', 'container'], 'required_properties': ['contains soup liquid'], 'visible_candidates'""]",[]
kitchen,K7,trial_01,False,True,,True,,True,,4,4,0,False,True,True,PARTIAL,0,2,0,0,4,4,44.41,PARTIAL_ACTION_SEQUENCE_READY,OBJECT_DISCOVERY_FAILURE,,,5,True,PARTIAL_VERIFIED_GROUNDING,False,False,OBJECT_DISCOVERY_FAILURE,False,,1,True,20,VALID,GOAL_SATISFIED,False,0,4,2,0.5,False,True,False,"[""Unresolved roles: [{'raw_role': {'id': 'soup', 'entity_kind': 'OBJECT', 'function': 'Food item to be served.', 'required_count': 2, 'binding_policy': 'DISTINCT', 'candidate_categories': ['broth', 'stew', 'liquid_food'], 'required_properties': ['edible', 'hot_or_cold'], 'visible_candidates': [], 'des""]",[]
kitchen,K7,trial_02,False,True,,True,,True,,4,5,0,False,True,True,PARTIAL,0,3,0,0,6,5,40.23,PARTIAL_ACTION_SEQUENCE_READY,OBJECT_DISCOVERY_FAILURE,,,5,True,PARTIAL_VERIFIED_GROUNDING,False,False,OBJECT_DISCOVERY_FAILURE,False,,1,True,14,VALID,GOAL_SATISFIED,False,0,4,0,0.0,False,True,False,"[""Unresolved roles: [{'raw_role': {'id': 'soup_ingredient', 'entity_kind': 'OBJECT', 'function': 'Food substance for soup', 'required_count': 2, 'binding_policy': 'DISTINCT', 'candidate_categories': ['soup', 'broth'], 'required_properties': ['liquid', 'edible'], 'visible_candidates': [{'label': 'red_l""]",[]
kitchen,K7,trial_03,False,True,,True,,True,,4,4,0,False,True,True,PARTIAL,0,1,0,0,3,4,40.0,PARTIAL_ACTION_SEQUENCE_READY,OBJECT_DISCOVERY_FAILURE,,,5,True,PARTIAL_VERIFIED_GROUNDING,False,False,OBJECT_DISCOVERY_FAILURE,False,,1,True,4,VALID,GOAL_SATISFIED,False,0,4,0,0.0,False,True,False,"[""Unresolved roles: [{'raw_role': {'id': 'soup_source', 'entity_kind': 'OBJECT', 'function': 'Provides the soup food component', 'required_count': 2, 'binding_policy': 'DISTINCT', 'candidate_categories': ['soup can', 'soup pot', 'prepared soup'], 'required_properties': ['liquid food'], 'visible_candid""]",[]
kitchen,K8,trial_01,False,True,,True,,True,,4,2,2,False,True,False,PARTIAL,0,1,3,4,4,4,44.67,NO_MEANINGFUL_CANDIDATE_PLAN,GRAPH_COMPILATION_FAILURE,,"('soup_container',)",5,True,INFEASIBLE,False,False,OBJECT_DISCOVERY_FAILURE,False,,0,False,0,,,False,0,4,0,0.0,False,True,False,"[""Unresolved roles: [{'raw_role': {'id': 'soup', 'entity_kind': 'OBJECT', 'function': 'Ingredient for soup', 'required_count': 2, 'binding_policy': 'REUSABLE', 'candidate_categories': ['soup', 'broth', 'stew'], 'required_properties': ['edible', 'liquid', 'hot'], 'visible_candidates': [], 'description'"", ""Disabled/unsupported operations: [{'raw_group': {'id': 'op_mix_coffee__primitive_1', 'function': 'transfer material into receiving container', 'tool_role': 'coffee', 'target_role': 'pot', 'context_role': None, 'required_target_count': 2, 'usage_policy': 'SEQUENTIAL_REUSE_ALLOWED', 'required_relation"", ""Unresolved required operations: [{'id': 'Op_Pour_Coffee', 'operation': 'Pour Coffee', 'participant_roles': ['pot', 'mug'], 'semantic_capability_candidates': ['TRANSFER_CONTENT_TO_CONTAINER'], 'reason': 'NO_CAPABILITY_SIGNATURE_ACCEPTS_THESE_PARTICIPANTS', 'requirement_provenance': 'INSTRUCTION_CLAUS"", ""Unresolved required relations: [{'raw_subject': 'pot', 'raw_phrase': 'Coffee is in Pot', 'raw_object': 'coffee', 'status': 'UNINTERPRETABLE_REQUIRED_RELATION', 'reason': 'Unresolved or context-only endpoint'}, {'raw_subject': 'pot', 'raw_phrase': 'Water is in Pot', 'raw_object': 'water', 'status': '""]","[""Required operations the runtime cannot represent: [{'id': 'Op_Pour_Coffee', 'operation': 'Pour Coffee', 'participant_roles': ['pot', 'mug'], 'semantic_capability_candidates': ['TRANSFER_CONTENT_TO_CONTAINER'], 'reason': 'NO_CAPABILITY_SIGNATURE_ACCEPTS_THESE_PARTICIPANTS', 'requirement_provenance': "", ""Required relations the runtime cannot represent: [{'raw_subject': 'pot', 'raw_phrase': 'Coffee is in Pot', 'raw_object': 'coffee', 'status': 'UNINTERPRETABLE_REQUIRED_RELATION', 'reason': 'Unresolved or context-only endpoint'}, {'raw_subject': 'pot', 'raw_phrase': 'Water is in Pot', 'raw_object': 'w"", ""Operations disabled during compilation: [{'raw_group': {'id': 'op_mix_coffee__primitive_1', 'function': 'transfer material into receiving container', 'tool_role': 'coffee', 'target_role': 'pot', 'context_role': None, 'required_target_count': 2, 'usage_policy': 'SEQUENTIAL_REUSE_ALLOWED', 'required_r"", ""Uninterpretable required relations: [{'raw_subject': 'pot', 'raw_phrase': 'Coffee is in Pot', 'raw_object': 'coffee', 'status': 'UNINTERPRETABLE_REQUIRED_RELATION', 'reason': 'Unresolved or context-only endpoint', 'requirement_provenance': 'INSTRUCTION_CLAUSE_SUPPORT'}, {'raw_subject': 'pot', 'raw_p""]"
kitchen,K8,trial_02,False,True,,True,,True,,4,4,0,False,True,False,PARTIAL,0,1,0,1,5,4,40.13,NO_MEANINGFUL_CANDIDATE_PLAN,GRAPH_COMPILATION_FAILURE,,"('coffee_source', 'water_source', 'soup_container')",5,True,INFEASIBLE,False,False,OBJECT_DISCOVERY_FAILURE,False,,0,False,0,,,False,0,4,0,0.0,False,True,False,"[""Unresolved roles: [{'raw_role': {'id': 'soup_ingredient', 'entity_kind': 'OBJECT', 'function': 'Liquid food served in a bowl', 'required_count': 2, 'binding_policy': 'DISTINCT', 'candidate_categories': ['soup', 'broth'], 'required_properties': ['liquid', 'edible'], 'visible_candidates': [], 'descrip"", ""Unresolved required operations: [{'id': 'serve_soup', 'operation': 'serve_soup', 'participant_roles': ['soup_bowl', 'table'], 'semantic_capability_candidates': ['PROVIDE_SOUP_EATING_UTENSIL'], 'reason': 'NO_CAPABILITY_SIGNATURE_ACCEPTS_THESE_PARTICIPANTS', 'requirement_provenance': 'INSTRUCTION_CLAU""]","[""Required operations the runtime cannot represent: [{'id': 'serve_soup', 'operation': 'serve_soup', 'participant_roles': ['soup_bowl', 'table'], 'semantic_capability_candidates': ['PROVIDE_SOUP_EATING_UTENSIL'], 'reason': 'NO_CAPABILITY_SIGNATURE_ACCEPTS_THESE_PARTICIPANTS', 'requirement_provenance':""]"
kitchen,K8,trial_03,False,True,,True,,True,,2,3,0,False,True,False,PARTIAL,0,1,1,1,4,3,39.84,NO_MEANINGFUL_CANDIDATE_PLAN,GRAPH_COMPILATION_FAILURE,,"('coffee_source', 'water_source', 'soup_container')",5,True,INFEASIBLE,False,False,OBJECT_DISCOVERY_FAILURE,False,,0,False,0,,,False,0,4,0,0.0,False,True,False,"[""Unresolved roles: [{'code': 'AMBIGUOUS_ROLE_MAPPING', 'raw_role': {'id': 'soup_bowl', 'entity_kind': 'OBJECT', 'function': 'Container for soup', 'required_count': 2, 'binding_policy': 'DISTINCT', 'candidate_categories': ['bowl', 'dish'], 'required_properties': ['hollow', 'heat resistant'], 'visible_"", ""Unresolved required operations: [{'id': 'serve_soup', 'operation': 'place_with_utensil', 'participant_roles': ['soup_bowl', 'soup', 'eating_utensil'], 'semantic_capability_candidates': [], 'reason': 'NO_RUNTIME_CAPABILITY_MATCHES_THIS_OPERATION_PHRASE', 'requirement_provenance': 'INSTRUCTION_CLAUSE_"", ""Unresolved required relations: [{'raw_subject': 'eating_utensil', 'raw_phrase': 'paired_with', 'raw_object': 'soup_bowl', 'status': 'UNINTERPRETABLE_REQUIRED_RELATION', 'reason': 'Unresolved or context-only endpoint'}]""]","[""Required operations the runtime cannot represent: [{'id': 'serve_soup', 'operation': 'place_with_utensil', 'participant_roles': ['soup_bowl', 'soup', 'eating_utensil'], 'semantic_capability_candidates': [], 'reason': 'NO_RUNTIME_CAPABILITY_MATCHES_THIS_OPERATION_PHRASE', 'requirement_provenance': 'I"", ""Required relations the runtime cannot represent: [{'raw_subject': 'eating_utensil', 'raw_phrase': 'paired_with', 'raw_object': 'soup_bowl', 'status': 'UNINTERPRETABLE_REQUIRED_RELATION', 'reason': 'Unresolved or context-only endpoint'}]"", ""Uninterpretable required relations: [{'raw_subject': 'eating_utensil', 'raw_phrase': 'paired_with', 'raw_object': 'soup_bowl', 'status': 'UNINTERPRETABLE_REQUIRED_RELATION', 'reason': 'Unresolved or context-only endpoint', 'requirement_provenance': 'DERIVED_FROM_EXPLICIT_OPERATION'}]""]"
kitchen,K9,trial_01,False,True,,True,,True,,4,4,0,False,True,True,PARTIAL,0,2,0,0,5,4,42.31,PARTIAL_ACTION_SEQUENCE_READY,OBJECT_DISCOVERY_FAILURE,,,5,True,PARTIAL_VERIFIED_GROUNDING,False,False,OBJECT_DISCOVERY_FAILURE,False,,1,True,22,VALID,GOAL_SATISFIED,False,0,4,2,0.5,False,True,False,"[""Unresolved roles: [{'raw_role': {'id': 'soup_source', 'entity_kind': 'OBJECT', 'function': 'Provides soup ingredient', 'required_count': 1, 'binding_policy': 'SHARED', 'candidate_categories': ['pot', 'bowl', 'container'], 'required_properties': ['contains_soup', 'pourable'], 'visible_candidates': [{""]",[]
kitchen,K9,trial_02,False,True,,True,,True,,4,4,0,True,True,True,FULL,0,2,0,0,4,4,37.73,PARTIAL_ACTION_SEQUENCE_READY,OBJECT_DISCOVERY_FAILURE,,,5,True,PARTIAL_VERIFIED_GROUNDING,False,False,OBJECT_DISCOVERY_FAILURE,False,,1,True,22,VALID,GOAL_SATISFIED,False,0,4,2,0.5,False,True,False,[],[]
kitchen,K9,trial_03,False,True,,True,,True,,4,2,0,False,True,False,PARTIAL,0,3,2,2,7,2,40.68,NO_MEANINGFUL_CANDIDATE_PLAN,GRAPH_COMPILATION_FAILURE,,NO_COMPLETE_FUNCTIONAL_WITNESS,5,True,INFEASIBLE,False,False,OBJECT_DISCOVERY_FAILURE,False,,0,False,0,,,False,0,4,0,0.0,False,True,False,"[""Unresolved roles: [{'raw_role': {'id': 'soup_food', 'entity_kind': 'OBJECT', 'function': 'The food portion to be eaten', 'required_count': 2, 'binding_policy': 'DISTINCT', 'candidate_categories': ['liquid soup', 'broth', 'stew'], 'required_properties': ['food', 'hot'], 'visible_candidates': [{'label"", ""Unresolved required operations: [{'id': 'make_coffee', 'operation': 'combine', 'participant_roles': ['coffee_ingredient', 'water'], 'semantic_capability_candidates': ['TRANSFER_CONTENT_TO_CONTAINER'], 'reason': 'NO_CAPABILITY_SIGNATURE_ACCEPTS_THESE_PARTICIPANTS', 'requirement_provenance': 'DERIVED_"", ""Unresolved required relations: [{'raw_subject': 'coffee_beverage', 'raw_phrase': 'poured_into', 'raw_object': 'coffee_cup', 'status': 'UNINTERPRETABLE_REQUIRED_RELATION', 'reason': 'Unresolved or context-only endpoint'}, {'raw_subject': 'coffee_cup', 'raw_phrase': 'placed_on', 'raw_object': 'table',""]","[""Required operations the runtime cannot represent: [{'id': 'make_coffee', 'operation': 'combine', 'participant_roles': ['coffee_ingredient', 'water'], 'semantic_capability_candidates': ['TRANSFER_CONTENT_TO_CONTAINER'], 'reason': 'NO_CAPABILITY_SIGNATURE_ACCEPTS_THESE_PARTICIPANTS', 'requirement_prov"", ""Required relations the runtime cannot represent: [{'raw_subject': 'coffee_beverage', 'raw_phrase': 'poured_into', 'raw_object': 'coffee_cup', 'status': 'UNINTERPRETABLE_REQUIRED_RELATION', 'reason': 'Unresolved or context-only endpoint'}, {'raw_subject': 'coffee_cup', 'raw_phrase': 'placed_on', 'raw"", ""Uninterpretable required relations: [{'raw_subject': 'coffee_beverage', 'raw_phrase': 'poured_into', 'raw_object': 'coffee_cup', 'status': 'UNINTERPRETABLE_REQUIRED_RELATION', 'reason': 'Unresolved or context-only endpoint', 'requirement_provenance': 'DERIVED_FROM_EXPLICIT_OPERATION'}, {'raw_subject""]"
living_room,L10,trial_01,False,True,,True,,True,,0,1,0,False,True,False,FULL,0,0,1,1,0,1,10.95,INFEASIBLE,GRAPH_COMPILATION_FAILURE,,"('CUP_SAUCER_SET', 'SHARED_REMOTE_REGION', 'SEATING_POSITION')",0,True,INFEASIBLE,False,False,OBJECT_DISCOVERY_FAILURE,False,,0,False,0,,,False,0,3,0,0.0,False,True,False,"[""Unresolved required operations: [{'id': 'set_refreshments', 'operation': 'Place refreshment settings on the surface.', 'participant_roles': ['refreshment_setting', 'surface', 'person'], 'semantic_capability_candidates': ['SUPPORT_DRINKWARE'], 'reason': 'NO_CAPABILITY_SIGNATURE_ACCEPTS_THESE_PARTICIP"", ""Unresolved required relations: [{'id': 'setting_assignment', 'relation': 'Each refreshment setting is provided to a person.', 'participant_roles': ['refreshment_setting', 'person'], 'reason': 'NO_LEGAL_ORIENTATION_FOR_PARTICIPANTS', 'requirement_provenance': 'INSTRUCTION_CLAUSE_SUPPORT', 'status': '""]","[""Required operations the runtime cannot represent: [{'id': 'set_refreshments', 'operation': 'Place refreshment settings on the surface.', 'participant_roles': ['refreshment_setting', 'surface', 'person'], 'semantic_capability_candidates': ['SUPPORT_DRINKWARE'], 'reason': 'NO_CAPABILITY_SIGNATURE_ACCE"", ""Required relations the runtime cannot represent: [{'id': 'setting_assignment', 'relation': 'Each refreshment setting is provided to a person.', 'participant_roles': ['refreshment_setting', 'person'], 'reason': 'NO_LEGAL_ORIENTATION_FOR_PARTICIPANTS', 'requirement_provenance': 'INSTRUCTION_CLAUSE_SUP""]"
living_room,L10,trial_02,False,True,,True,,True,,0,2,0,True,True,True,FULL,0,0,0,0,0,2,10.84,NO_MEANINGFUL_CANDIDATE_PLAN,FUNCTIONAL_ASSIGNMENT_FAILURE,,UNINSTANTIABLE_MISSING_RELATION: no expressed verified placement requirement,0,True,PARTIAL_VERIFIED_GROUNDING,False,False,OBJECT_DISCOVERY_FAILURE,False,,0,False,0,,,False,0,3,0,0.0,False,True,False,[],[]
living_room,L10,trial_03,False,True,,True,,True,,0,0,0,False,True,False,PARTIAL,0,0,4,2,2,0,11.05,INFEASIBLE,GRAPH_COMPILATION_FAILURE,,"('REMOTE', 'PERSONAL_CUP_SAUCER_REGION', 'SEATING_POSITION')",0,True,INFEASIBLE,False,False,OBJECT_DISCOVERY_FAILURE,False,,0,False,0,,,False,0,3,0,0.0,False,True,False,"[""Unresolved roles: [{'code': 'AMBIGUOUS_ROLE_MAPPING', 'raw_role': {'id': 'entertainment_control', 'entity_kind': 'OBJECT', 'function': 'A device to operate the television, such as a remote control.', 'required_count': 1, 'binding_policy': 'SHARED', 'candidate_categories': ['remote', 'controller'], '"", ""Unresolved required operations: [{'id': 'set_refreshments', 'operation': 'place_refreshment_setting', 'participant_roles': ['refreshment_setting', 'surface'], 'semantic_capability_candidates': ['SUPPORT_DRINKWARE', 'SUPPORT_ENTERTAINMENT_CONTROL'], 'reason': 'NO_CAPABILITY_SIGNATURE_ACCEPTS_THESE_PA"", ""Unresolved required relations: [{'raw_subject': 'entertainment_control', 'raw_phrase': 'positioned_on', 'raw_object': 'surface', 'status': 'UNINTERPRETABLE_REQUIRED_RELATION', 'reason': 'Unresolved or context-only endpoint'}, {'raw_subject': 'refreshment_setting', 'raw_phrase': 'positioned_on', 'raw""]","[""Required operations the runtime cannot represent: [{'id': 'set_refreshments', 'operation': 'place_refreshment_setting', 'participant_roles': ['refreshment_setting', 'surface'], 'semantic_capability_candidates': ['SUPPORT_DRINKWARE', 'SUPPORT_ENTERTAINMENT_CONTROL'], 'reason': 'NO_CAPABILITY_SIGNATUR"", ""Required relations the runtime cannot represent: [{'raw_subject': 'entertainment_control', 'raw_phrase': 'positioned_on', 'raw_object': 'surface', 'status': 'UNINTERPRETABLE_REQUIRED_RELATION', 'reason': 'Unresolved or context-only endpoint'}, {'raw_subject': 'refreshment_setting', 'raw_phrase': 'po"", ""Uninterpretable required relations: [{'raw_subject': 'entertainment_control', 'raw_phrase': 'positioned_on', 'raw_object': 'surface', 'status': 'UNINTERPRETABLE_REQUIRED_RELATION', 'reason': 'Unresolved or context-only endpoint', 'requirement_provenance': 'DERIVED_FROM_EXPLICIT_OPERATION'}, {'raw_su""]"
living_room,L1,trial_01,True,True,,True,,True,,1,1,0,False,True,False,FULL,0,0,0,1,1,1,12.83,INFEASIBLE,GRAPH_COMPILATION_FAILURE,,"('SEATING_POSITION',)",0,True,INFEASIBLE,False,False,OBJECT_DISCOVERY_FAILURE,False,,0,False,0,,,False,0,3,0,0.0,False,False,False,"[""Unresolved required operations: [{'id': 'prepare_refreshment_settings', 'operation': 'arrange_refreshment_setting', 'participant_roles': ['refreshment_setting', 'seating_area'], 'semantic_capability_candidates': [], 'reason': 'NO_RUNTIME_CAPABILITY_MATCHES_THIS_OPERATION_PHRASE', 'requirement_proven""]","[""Required operations the runtime cannot represent: [{'id': 'prepare_refreshment_settings', 'operation': 'arrange_refreshment_setting', 'participant_roles': ['refreshment_setting', 'seating_area'], 'semantic_capability_candidates': [], 'reason': 'NO_RUNTIME_CAPABILITY_MATCHES_THIS_OPERATION_PHRASE', '""]"
living_room,L1,trial_02,True,True,,True,,True,,0,2,0,True,True,True,FULL,0,0,0,0,1,2,13.41,PARTIAL_ACTION_SEQUENCE_READY,FUNCTIONAL_ASSIGNMENT_FAILURE,,,0,True,PARTIAL_VERIFIED_GROUNDING,False,False,FUNCTIONAL_ASSIGNMENT_FAILURE,False,,1,True,6,VALID,GOAL_SATISFIED,False,0,3,1,0.3333,False,False,False,[],[]
living_room,L1,trial_03,True,True,,True,,True,,0,2,0,True,True,True,FULL,0,0,0,0,0,2,15.68,ACTION_SEQUENCE_READY,SUCCESS,,,0,True,COMPLETE,True,True,,True,,1,True,10,VALID,GOAL_SATISFIED,True,0,3,3,1.0,True,True,False,[],[]
living_room,L2,trial_01,True,True,,True,,True,,0,2,0,True,True,True,FULL,0,0,0,0,0,2,13.15,PARTIAL_ACTION_SEQUENCE_READY,FUNCTIONAL_ASSIGNMENT_FAILURE,,,0,True,PARTIAL_VERIFIED_GROUNDING,False,False,FUNCTIONAL_ASSIGNMENT_FAILURE,False,,1,True,4,VALID,GOAL_SATISFIED,False,0,3,1,0.3333,False,False,False,[],[]
living_room,L2,trial_02,True,False,MalformedVLMSpecificationError: V3 schema validation failed: 'schema_version' is a required property,False,,False,,0,0,0,False,False,False,,0,0,0,0,0,0,0.27,VLM_SPEC_FAILED,TASK_SPECIFICATION_FAILURE,SANITIZER_UNRECOVERABLE,No meaningful functional roles recovered,0,False,,False,False,,False,,0,False,0,,,False,0,3,0,0.0,False,False,False,,
living_room,L2,trial_03,True,True,,True,,True,,0,2,0,True,True,True,FULL,0,0,0,0,1,2,13.84,ACTION_SEQUENCE_READY,SUCCESS,,,0,True,COMPLETE,True,True,,True,,1,True,8,VALID,GOAL_SATISFIED,True,0,3,3,1.0,True,True,False,[],[]
living_room,L3,trial_01,True,False,MalformedVLMSpecificationError: V3 schema validation failed: 'schema_version' is a required property,False,,False,,0,0,0,False,False,False,,0,0,0,0,0,0,0.28,VLM_SPEC_FAILED,TASK_SPECIFICATION_FAILURE,SANITIZER_UNRECOVERABLE,No meaningful functional roles recovered,0,False,,False,False,,False,,0,False,0,,,False,0,3,0,0.0,False,False,False,,
living_room,L3,trial_02,True,False,MalformedVLMSpecificationError: V3 schema validation failed: 'schema_version' is a required property,False,,False,,0,0,0,False,False,False,,0,0,0,0,0,0,0.25,VLM_SPEC_FAILED,TASK_SPECIFICATION_FAILURE,SANITIZER_UNRECOVERABLE,No meaningful functional roles recovered,0,False,,False,False,,False,,0,False,0,,,False,0,3,0,0.0,False,False,False,,
living_room,L3,trial_03,True,True,,True,,True,,0,1,0,False,True,False,FULL,0,0,1,1,2,1,13.47,PARTIAL_ACTION_SEQUENCE_READY,GRAPH_COMPILATION_FAILURE,,,0,True,COMPLETE,True,True,,False,,1,True,8,VALID,GOAL_SATISFIED,False,0,3,2,0.6667,False,False,False,"[""Unresolved required operations: [{'id': 'position_remote', 'operation': 'place', 'participant_roles': ['entertainment_control', 'surface'], 'semantic_capability_candidates': ['SUPPORT_DRINKWARE', 'SUPPORT_ENTERTAINMENT_CONTROL'], 'reason': 'NO_CAPABILITY_SIGNATURE_ACCEPTS_THESE_PARTICIPANTS', 'requi"", ""Unresolved required relations: [{'id': 'control_accessible', 'relation': 'accessible_to', 'participant_roles': ['entertainment_control', 'chair'], 'reason': 'NO_LEGAL_ORIENTATION_FOR_PARTICIPANTS', 'requirement_provenance': 'INSTRUCTION_CLAUSE_SUPPORT', 'status': 'UNRESOLVED_REQUIRED_SEMANTIC'}]""]","[""Required operations the runtime cannot represent: [{'id': 'position_remote', 'operation': 'place', 'participant_roles': ['entertainment_control', 'surface'], 'semantic_capability_candidates': ['SUPPORT_DRINKWARE', 'SUPPORT_ENTERTAINMENT_CONTROL'], 'reason': 'NO_CAPABILITY_SIGNATURE_ACCEPTS_THESE_PAR"", ""Required relations the runtime cannot represent: [{'id': 'control_accessible', 'relation': 'accessible_to', 'participant_roles': ['entertainment_control', 'chair'], 'reason': 'NO_LEGAL_ORIENTATION_FOR_PARTICIPANTS', 'requirement_provenance': 'INSTRUCTION_CLAUSE_SUPPORT', 'status': 'UNRESOLVED_REQUIR""]"
living_room,L4,trial_01,True,True,,True,,True,,0,2,0,True,True,True,FULL,0,0,0,0,1,2,12.96,ACTION_SEQUENCE_READY,SUCCESS,,,0,True,COMPLETE,True,True,,True,,1,True,10,VALID,GOAL_SATISFIED,True,0,3,3,1.0,True,True,False,[],[]
living_room,L4,trial_02,True,True,,True,,True,,0,2,0,False,True,False,PARTIAL,0,0,1,0,2,2,13.62,PARTIAL_ACTION_SEQUENCE_READY,GRAPH_COMPILATION_FAILURE,,,0,True,COMPLETE,True,True,,False,,1,True,10,VALID,GOAL_SATISFIED,False,0,3,3,1.0,True,True,False,"['Unresolved required relations: [{\'raw_subject\': \'entertainment_control\', \'raw_phrase\': \'is_supported_by\', \'raw_object\': \'surface\', \'status\': \'UNINTERPRETABLE_REQUIRED_RELATION\', \'reason\': ""Semantic candidates [\'FITS_ON\', \'FITS_SET_ON\'] incompatible with endpoints (REMOTE, PERSONAL_CUP_SAUCER_REGION)']","['Required relations the runtime cannot represent: [{\'raw_subject\': \'entertainment_control\', \'raw_phrase\': \'is_supported_by\', \'raw_object\': \'surface\', \'status\': \'UNINTERPRETABLE_REQUIRED_RELATION\', \'reason\': ""Semantic candidates [\'FITS_ON\', \'FITS_SET_ON\'] incompatible with endpoints (REMOTE, PERSONAL_', 'Uninterpretable required relations: [{\'raw_subject\': \'entertainment_control\', \'raw_phrase\': \'is_supported_by\', \'raw_object\': \'surface\', \'status\': \'UNINTERPRETABLE_REQUIRED_RELATION\', \'reason\': ""Semantic candidates [\'FITS_ON\', \'FITS_SET_ON\'] incompatible with endpoints (REMOTE, PERSONAL_CUP_SAUCER_RE']"
living_room,L4,trial_03,True,True,,True,,True,,0,2,0,True,True,True,FULL,0,0,0,0,2,2,13.9,ACTION_SEQUENCE_READY,SUCCESS,,,0,True,COMPLETE,True,True,,True,,1,True,10,VALID,GOAL_SATISFIED,True,0,3,3,1.0,True,True,False,[],[]
living_room,L5,trial_01,True,True,,True,,True,,0,2,0,True,True,True,FULL,0,0,0,0,1,2,13.1,ACTION_SEQUENCE_READY,SUCCESS,,,0,True,COMPLETE,True,True,,True,,1,True,8,VALID,GOAL_SATISFIED,True,0,3,3,1.0,True,True,False,[],[]
living_room,L5,trial_02,True,True,,True,,True,,0,2,0,True,True,True,FULL,0,0,0,0,2,2,12.67,ACTION_SEQUENCE_READY,SUCCESS,,,0,True,COMPLETE,True,True,,True,,1,True,8,VALID,GOAL_SATISFIED,True,0,3,3,1.0,True,True,False,[],[]
living_room,L5,trial_03,True,True,,True,,True,,1,0,0,False,True,False,PARTIAL,0,0,3,2,2,0,12.77,NO_MEANINGFUL_CANDIDATE_PLAN,GRAPH_COMPILATION_FAILURE,,UNINSTANTIABLE_MISSING_RELATION: no expressed verified placement requirement,0,True,COMPLETE,True,True,,False,,0,False,0,,,False,0,3,0,0.0,False,False,False,"[""Unresolved roles: [{'code': 'AMBIGUOUS_ROLE_MAPPING', 'raw_role': {'id': 'food_vessel', 'entity_kind': 'OBJECT', 'function': 'Holds food for consumption', 'required_count': 2, 'binding_policy': 'DISTINCT', 'candidate_categories': ['plate', 'bowl'], 'required_properties': ['holds food'], 'visible_can"", ""Unresolved required operations: [{'id': 'create_refreshment_setting', 'operation': 'place_items_on_surface', 'participant_roles': ['drink_vessel', 'food_vessel', 'placement_surface'], 'semantic_capability_candidates': ['SUPPORT_DRINKWARE', 'SUPPORT_ENTERTAINMENT_CONTROL'], 'reason': 'NO_CAPABILITY_S"", ""Unresolved required relations: [{'raw_subject': 'placement_surface', 'raw_phrase': 'spatial_support', 'raw_object': 'food_vessel', 'status': 'UNINTERPRETABLE_REQUIRED_RELATION', 'reason': 'Unresolved or context-only endpoint'}, {'id': 'refreshment_setting_pair', 'relation': 'complementary_pair', 'pa""]","[""Required operations the runtime cannot represent: [{'id': 'create_refreshment_setting', 'operation': 'place_items_on_surface', 'participant_roles': ['drink_vessel', 'food_vessel', 'placement_surface'], 'semantic_capability_candidates': ['SUPPORT_DRINKWARE', 'SUPPORT_ENTERTAINMENT_CONTROL'], 'reason'"", ""Required relations the runtime cannot represent: [{'raw_subject': 'placement_surface', 'raw_phrase': 'spatial_support', 'raw_object': 'food_vessel', 'status': 'UNINTERPRETABLE_REQUIRED_RELATION', 'reason': 'Unresolved or context-only endpoint'}, {'id': 'refreshment_setting_pair', 'relation': 'comple"", ""Uninterpretable required relations: [{'raw_subject': 'placement_surface', 'raw_phrase': 'spatial_support', 'raw_object': 'food_vessel', 'status': 'UNINTERPRETABLE_REQUIRED_RELATION', 'reason': 'Unresolved or context-only endpoint', 'requirement_provenance': 'DERIVED_FROM_EXPLICIT_OPERATION'}]""]"
living_room,L6,trial_01,True,True,,True,,True,,0,0,0,False,True,False,FULL,0,0,0,2,0,0,12.41,NO_MEANINGFUL_CANDIDATE_PLAN,GRAPH_COMPILATION_FAILURE,,UNINSTANTIABLE_MISSING_RELATION: no expressed verified placement requirement,0,True,COMPLETE,True,True,,False,,0,False,0,,,False,0,3,0,0.0,False,False,False,"[""Unresolved required operations: [{'id': 'provide_refreshment_settings', 'operation': 'place', 'participant_roles': ['refreshment_setting', 'surface'], 'semantic_capability_candidates': ['SUPPORT_DRINKWARE', 'SUPPORT_ENTERTAINMENT_CONTROL'], 'reason': 'NO_CAPABILITY_SIGNATURE_ACCEPTS_THESE_PARTICIPAN""]","[""Required operations the runtime cannot represent: [{'id': 'provide_refreshment_settings', 'operation': 'place', 'participant_roles': ['refreshment_setting', 'surface'], 'semantic_capability_candidates': ['SUPPORT_DRINKWARE', 'SUPPORT_ENTERTAINMENT_CONTROL'], 'reason': 'NO_CAPABILITY_SIGNATURE_ACCEPT""]"
living_room,L6,trial_02,True,True,,True,,True,,0,2,0,True,True,True,FULL,0,0,0,0,0,2,12.82,ACTION_SEQUENCE_READY,SUCCESS,,,0,True,COMPLETE,True,True,,True,,1,True,10,VALID,GOAL_SATISFIED,True,0,3,3,1.0,True,True,False,[],[]
living_room,L6,trial_03,True,True,,True,,True,,0,0,1,False,True,False,PARTIAL,0,0,3,2,2,1,13.23,INFEASIBLE,GRAPH_COMPILATION_FAILURE,,"('SEATING_POSITION', 'CUP_SAUCER_SET')",0,True,INFEASIBLE,False,False,OBJECT_DISCOVERY_FAILURE,False,,0,False,0,,,False,0,3,0,0.0,False,False,False,"[""Unresolved roles: [{'code': 'AMBIGUOUS_ROLE_MAPPING', 'raw_role': {'id': 'op_slot__provide_refreshment__source', 'entity_kind': 'REGION', 'function': 'support participant the expressed SUPPORT_DRINKWARE operation requires', 'description': 'Existential functional requirement induced by an operation t"", ""Disabled/unsupported operations: [{'raw_group': {'id': 'provide_refreshment', 'function': 'set_up_refreshment_setting', 'tool_role': 'op_slot__provide_refreshment__source', 'target_role': 'refreshment_setting', 'context_role': 'person', 'required_target_count': 2, 'usage_policy': 'DEDICATED_PER_TARG"", ""Unresolved required operations: [{'id': 'place_control', 'operation': 'move_control_device', 'participant_roles': ['entertainment_control', 'accessible_surface'], 'semantic_capability_candidates': ['SUPPORT_ENTERTAINMENT_CONTROL'], 'reason': 'NO_CAPABILITY_SIGNATURE_ACCEPTS_THESE_PARTICIPANTS', 'req"", 'Unresolved required relations: [{\'raw_subject\': \'entertainment_control\', \'raw_phrase\': \'placed_on\', \'raw_object\': \'accessible_surface\', \'status\': \'UNINTERPRETABLE_REQUIRED_RELATION\', \'reason\': ""Semantic candidates [\'FITS_ON\', \'FITS_SET_ON\'] incompatible with endpoints (REMOTE, PERSONAL_CUP_SAUCER_RE']","['The FM expressed 1 physical operation(s) and none survived compilation, so the graph states no change to bring about', ""Required operations the runtime cannot represent: [{'id': 'place_control', 'operation': 'move_control_device', 'participant_roles': ['entertainment_control', 'accessible_surface'], 'semantic_capability_candidates': ['SUPPORT_ENTERTAINMENT_CONTROL'], 'reason': 'NO_CAPABILITY_SIGNATURE_ACCEPTS_THESE_P"", 'Required relations the runtime cannot represent: [{\'raw_subject\': \'entertainment_control\', \'raw_phrase\': \'placed_on\', \'raw_object\': \'accessible_surface\', \'status\': \'UNINTERPRETABLE_REQUIRED_RELATION\', \'reason\': ""Semantic candidates [\'FITS_ON\', \'FITS_SET_ON\'] incompatible with endpoints (REMOTE, PERS', ""Operations disabled during compilation: [{'raw_group': {'id': 'provide_refreshment', 'function': 'set_up_refreshment_setting', 'tool_role': 'op_slot__provide_refreshment__source', 'target_role': 'refreshment_setting', 'context_role': 'person', 'required_target_count': 2, 'usage_policy': 'DEDICATED_P"", 'Uninterpretable required relations: [{\'raw_subject\': \'entertainment_control\', \'raw_phrase\': \'placed_on\', \'raw_object\': \'accessible_surface\', \'status\': \'UNINTERPRETABLE_REQUIRED_RELATION\', \'reason\': ""Semantic candidates [\'FITS_ON\', \'FITS_SET_ON\'] incompatible with endpoints (REMOTE, PERSONAL_CUP_SAUC']"
living_room,L7,trial_01,False,True,,True,,True,,0,2,0,True,True,True,FULL,0,0,0,0,1,2,12.24,PARTIAL_ACTION_SEQUENCE_READY,FUNCTIONAL_ASSIGNMENT_FAILURE,,,0,True,PARTIAL_VERIFIED_GROUNDING,False,False,FUNCTIONAL_ASSIGNMENT_FAILURE,False,,1,True,8,VALID,GOAL_SATISFIED,False,0,3,2,0.6667,False,True,False,[],[]
living_room,L7,trial_02,False,True,,True,,True,,0,2,0,True,True,True,FULL,0,0,0,0,1,2,12.34,PARTIAL_ACTION_SEQUENCE_READY,FUNCTIONAL_ASSIGNMENT_FAILURE,,,0,True,PARTIAL_VERIFIED_GROUNDING,False,False,FUNCTIONAL_ASSIGNMENT_FAILURE,False,,1,True,4,VALID,GOAL_SATISFIED,False,0,3,0,0.0,False,True,False,[],[]
living_room,L7,trial_03,False,True,,True,,True,,0,1,0,False,True,False,PARTIAL,0,0,2,1,2,1,12.64,PARTIAL_ACTION_SEQUENCE_READY,GRAPH_COMPILATION_FAILURE,,,0,True,COMPLETE,True,True,,False,,1,True,8,VALID,GOAL_SATISFIED,False,0,3,2,0.6667,False,True,False,"[""Unresolved required operations: [{'id': 'place_controller', 'operation': 'Move the entertainment_control to a surface accessible to both people', 'participant_roles': ['entertainment_control', 'surface', 'person'], 'semantic_capability_candidates': ['SUPPORT_DRINKWARE', 'SUPPORT_ENTERTAINMENT_CONTRO"", 'Unresolved required relations: [{\'raw_subject\': \'entertainment_control\', \'raw_phrase\': \'Refreshment_settings and the entertainment_control must rest on a surface\', \'raw_object\': \'surface\', \'status\': \'UNINTERPRETABLE_REQUIRED_RELATION\', \'reason\': ""Semantic candidates [\'FITS_ON\', \'FITS_SET_ON\'] incomp']","[""Required operations the runtime cannot represent: [{'id': 'place_controller', 'operation': 'Move the entertainment_control to a surface accessible to both people', 'participant_roles': ['entertainment_control', 'surface', 'person'], 'semantic_capability_candidates': ['SUPPORT_DRINKWARE', 'SUPPORT_EN"", 'Required relations the runtime cannot represent: [{\'raw_subject\': \'entertainment_control\', \'raw_phrase\': \'Refreshment_settings and the entertainment_control must rest on a surface\', \'raw_object\': \'surface\', \'status\': \'UNINTERPRETABLE_REQUIRED_RELATION\', \'reason\': ""Semantic candidates [\'FITS_ON\', \'FI', 'Uninterpretable required relations: [{\'raw_subject\': \'entertainment_control\', \'raw_phrase\': \'Refreshment_settings and the entertainment_control must rest on a surface\', \'raw_object\': \'surface\', \'status\': \'UNINTERPRETABLE_REQUIRED_RELATION\', \'reason\': ""Semantic candidates [\'FITS_ON\', \'FITS_SET_ON\'] i']"
living_room,L8,trial_01,False,True,,True,,True,,0,1,0,False,True,False,PARTIAL,0,0,1,1,2,1,12.04,INFEASIBLE,GRAPH_COMPILATION_FAILURE,,NO_GLOBAL_REGION_ASSIGNMENT,0,True,INFEASIBLE,False,False,FUNCTIONAL_ASSIGNMENT_FAILURE,False,,0,False,0,,,False,0,3,0,0.0,False,True,False,"[""Unresolved required operations: [{'id': 'place_control', 'operation': 'Place entertainment_control on surface', 'participant_roles': ['entertainment_control', 'surface'], 'semantic_capability_candidates': ['SUPPORT_DRINKWARE', 'SUPPORT_ENTERTAINMENT_CONTROL'], 'reason': 'NO_CAPABILITY_SIGNATURE_ACCE"", 'Unresolved required relations: [{\'raw_subject\': \'entertainment_control\', \'raw_phrase\': \'rests on\', \'raw_object\': \'surface\', \'status\': \'UNINTERPRETABLE_REQUIRED_RELATION\', \'reason\': ""Semantic candidates [\'FITS_ON\', \'FITS_SET_ON\'] incompatible with endpoints (REMOTE, PERSONAL_CUP_SAUCER_REGION)""}]']","[""Required operations the runtime cannot represent: [{'id': 'place_control', 'operation': 'Place entertainment_control on surface', 'participant_roles': ['entertainment_control', 'surface'], 'semantic_capability_candidates': ['SUPPORT_DRINKWARE', 'SUPPORT_ENTERTAINMENT_CONTROL'], 'reason': 'NO_CAPABIL"", 'Required relations the runtime cannot represent: [{\'raw_subject\': \'entertainment_control\', \'raw_phrase\': \'rests on\', \'raw_object\': \'surface\', \'status\': \'UNINTERPRETABLE_REQUIRED_RELATION\', \'reason\': ""Semantic candidates [\'FITS_ON\', \'FITS_SET_ON\'] incompatible with endpoints (REMOTE, PERSONAL_CUP_SAU', 'Uninterpretable required relations: [{\'raw_subject\': \'entertainment_control\', \'raw_phrase\': \'rests on\', \'raw_object\': \'surface\', \'status\': \'UNINTERPRETABLE_REQUIRED_RELATION\', \'reason\': ""Semantic candidates [\'FITS_ON\', \'FITS_SET_ON\'] incompatible with endpoints (REMOTE, PERSONAL_CUP_SAUCER_REGION)"",']"
living_room,L8,trial_02,False,True,,True,,True,,0,2,0,True,True,True,FULL,0,0,0,0,1,2,12.37,PARTIAL_ACTION_SEQUENCE_READY,OBJECT_DISCOVERY_FAILURE,,,0,True,PARTIAL_VERIFIED_GROUNDING,False,False,OBJECT_DISCOVERY_FAILURE,False,,1,True,2,VALID,GOAL_SATISFIED,False,0,3,1,0.3333,False,True,False,[],[]
living_room,L8,trial_03,False,True,,True,,True,,0,0,0,False,True,False,FULL,0,0,2,2,0,0,12.48,NO_MEANINGFUL_CANDIDATE_PLAN,GRAPH_COMPILATION_FAILURE,,UNINSTANTIABLE_MISSING_RELATION: no expressed verified placement requirement,0,True,COMPLETE,True,True,,False,,0,False,0,,,False,0,3,0,0.0,False,True,False,"[""Unresolved required operations: [{'id': 'distribute_refreshments', 'operation': 'place', 'participant_roles': ['refreshment_setting', 'surface', 'person'], 'semantic_capability_candidates': ['SUPPORT_DRINKWARE', 'SUPPORT_ENTERTAINMENT_CONTROL'], 'reason': 'NO_CAPABILITY_SIGNATURE_ACCEPTS_THESE_PARTI"", ""Unresolved required relations: [{'id': 'refreshment_proximity', 'relation': 'near', 'participant_roles': ['refreshment_setting', 'person'], 'reason': 'NO_LEGAL_ORIENTATION_FOR_PARTICIPANTS', 'requirement_provenance': 'DERIVED_FROM_EXPLICIT_OPERATION', 'status': 'UNRESOLVED_REQUIRED_SEMANTIC'}, {'id'""]","[""Required operations the runtime cannot represent: [{'id': 'distribute_refreshments', 'operation': 'place', 'participant_roles': ['refreshment_setting', 'surface', 'person'], 'semantic_capability_candidates': ['SUPPORT_DRINKWARE', 'SUPPORT_ENTERTAINMENT_CONTROL'], 'reason': 'NO_CAPABILITY_SIGNATURE_A"", ""Required relations the runtime cannot represent: [{'id': 'refreshment_proximity', 'relation': 'near', 'participant_roles': ['refreshment_setting', 'person'], 'reason': 'NO_LEGAL_ORIENTATION_FOR_PARTICIPANTS', 'requirement_provenance': 'DERIVED_FROM_EXPLICIT_OPERATION', 'status': 'UNRESOLVED_REQUIRED""]"
living_room,L9,trial_01,False,True,,True,,True,,0,1,0,False,True,False,PARTIAL,0,0,1,1,3,1,11.75,INFEASIBLE,GRAPH_COMPILATION_FAILURE,,NO_GLOBAL_REGION_ASSIGNMENT,0,True,INFEASIBLE,False,False,FUNCTIONAL_ASSIGNMENT_FAILURE,False,,0,False,0,,,False,0,3,0,0.0,False,True,False,"[""Unresolved required operations: [{'id': 'place_control', 'operation': 'Place entertainment control on surface', 'participant_roles': ['entertainment_control', 'surface'], 'semantic_capability_candidates': ['SUPPORT_DRINKWARE', 'SUPPORT_ENTERTAINMENT_CONTROL'], 'reason': 'NO_CAPABILITY_SIGNATURE_ACCE"", 'Unresolved required relations: [{\'raw_subject\': \'entertainment_control\', \'raw_phrase\': \'on\', \'raw_object\': \'surface\', \'status\': \'UNINTERPRETABLE_REQUIRED_RELATION\', \'reason\': ""Relation text \'on\' provides no semantic evidence for valid predicates [] or task causal semantics""}]']","[""Required operations the runtime cannot represent: [{'id': 'place_control', 'operation': 'Place entertainment control on surface', 'participant_roles': ['entertainment_control', 'surface'], 'semantic_capability_candidates': ['SUPPORT_DRINKWARE', 'SUPPORT_ENTERTAINMENT_CONTROL'], 'reason': 'NO_CAPABIL"", 'Required relations the runtime cannot represent: [{\'raw_subject\': \'entertainment_control\', \'raw_phrase\': \'on\', \'raw_object\': \'surface\', \'status\': \'UNINTERPRETABLE_REQUIRED_RELATION\', \'reason\': ""Relation text \'on\' provides no semantic evidence for valid predicates [] or task causal semantics""}]', 'Uninterpretable required relations: [{\'raw_subject\': \'entertainment_control\', \'raw_phrase\': \'on\', \'raw_object\': \'surface\', \'status\': \'UNINTERPRETABLE_REQUIRED_RELATION\', \'reason\': ""Relation text \'on\' provides no semantic evidence for valid predicates [] or task causal semantics"", \'requirement_proven']"
living_room,L9,trial_02,False,False,MalformedVLMSpecificationError: V3 schema validation failed: 'schema_version' is a required property,False,,False,,0,0,0,False,False,False,,0,0,0,0,0,0,0.26,VLM_SPEC_FAILED,TASK_SPECIFICATION_FAILURE,SANITIZER_UNRECOVERABLE,No meaningful functional roles recovered,0,False,,False,False,,False,,0,False,0,,,False,0,3,0,0.0,False,True,False,,
living_room,L9,trial_03,False,True,,True,,True,,0,1,0,False,True,False,FULL,0,0,1,1,1,1,11.9,INFEASIBLE,GRAPH_COMPILATION_FAILURE,,NO_GLOBAL_REGION_ASSIGNMENT,0,True,INFEASIBLE,False,False,FUNCTIONAL_ASSIGNMENT_FAILURE,False,,0,False,0,,,False,0,3,0,0.0,False,True,False,"[""Unresolved required operations: [{'id': 'operation_2', 'operation': 'place', 'participant_roles': ['entertainment_control', 'surface'], 'semantic_capability_candidates': ['SUPPORT_DRINKWARE', 'SUPPORT_ENTERTAINMENT_CONTROL'], 'reason': 'NO_CAPABILITY_SIGNATURE_ACCEPTS_THESE_PARTICIPANTS', 'requireme"", ""Unresolved required relations: [{'id': 'relation_2', 'relation': 'accessible_from', 'participant_roles': ['entertainment_control', 'seating_area'], 'reason': 'NO_LEGAL_ORIENTATION_FOR_PARTICIPANTS', 'requirement_provenance': 'INSTRUCTION_CLAUSE_SUPPORT', 'status': 'UNRESOLVED_REQUIRED_SEMANTIC'}]""]","[""Required operations the runtime cannot represent: [{'id': 'operation_2', 'operation': 'place', 'participant_roles': ['entertainment_control', 'surface'], 'semantic_capability_candidates': ['SUPPORT_DRINKWARE', 'SUPPORT_ENTERTAINMENT_CONTROL'], 'reason': 'NO_CAPABILITY_SIGNATURE_ACCEPTS_THESE_PARTICI"", ""Required relations the runtime cannot represent: [{'id': 'relation_2', 'relation': 'accessible_from', 'participant_roles': ['entertainment_control', 'seating_area'], 'reason': 'NO_LEGAL_ORIENTATION_FOR_PARTICIPANTS', 'requirement_provenance': 'INSTRUCTION_CLAUSE_SUPPORT', 'status': 'UNRESOLVED_REQUI""]"
workshop,W10,trial_01,False,True,,True,,True,,3,1,0,True,True,True,FULL,0,0,0,0,3,2,31.94,PARTIAL_ACTION_SEQUENCE_READY,FUNCTIONAL_ASSIGNMENT_FAILURE,,,3,True,PARTIAL_VERIFIED_GROUNDING,False,False,OBJECT_DISCOVERY_FAILURE,False,,1,True,2,VALID,GOAL_SATISFIED,False,0,3,1,0.3333,False,True,False,[],[]
workshop,W10,trial_02,False,True,,True,,True,,3,1,0,False,True,False,FULL,0,0,1,1,3,2,31.37,INFEASIBLE,GRAPH_COMPILATION_FAILURE,,"fastener, repair_target, fastener, repair_target",3,True,INFEASIBLE,False,False,,False,,0,False,0,,,False,0,3,0,0.0,False,True,False,"[""Unresolved required operations: [{'id': 'search_storage', 'participant_roles': ['storage_unit'], 'reason': 'TOO_FEW_DISTINCT_PARTICIPANTS_TO_STATE_A_RELATION', 'requirement_provenance': 'DERIVED_FROM_EXPLICIT_OPERATION', 'operation': 'Open and inspect the storage unit to find components.', 'semantic"", ""Unresolved required relations: [{'id': 'fastened_to', 'relation': 'The workpieces must be joined together.', 'participant_roles': ['workpiece'], 'reason': 'TOO_FEW_DISTINCT_PARTICIPANTS_TO_STATE_A_RELATION', 'requirement_provenance': 'DERIVED_FROM_EXPLICIT_OPERATION', 'status': 'UNRESOLVED_REQUIRED_""]","[""Required operations the runtime cannot represent: [{'id': 'search_storage', 'participant_roles': ['storage_unit'], 'reason': 'TOO_FEW_DISTINCT_PARTICIPANTS_TO_STATE_A_RELATION', 'requirement_provenance': 'DERIVED_FROM_EXPLICIT_OPERATION', 'operation': 'Open and inspect the storage unit to find compo"", ""Required relations the runtime cannot represent: [{'id': 'fastened_to', 'relation': 'The workpieces must be joined together.', 'participant_roles': ['workpiece'], 'reason': 'TOO_FEW_DISTINCT_PARTICIPANTS_TO_STATE_A_RELATION', 'requirement_provenance': 'DERIVED_FROM_EXPLICIT_OPERATION', 'status': 'UN""]"
workshop,W10,trial_03,False,True,,True,,True,,3,1,0,True,True,True,FULL,0,0,0,0,3,2,29.23,PARTIAL_ACTION_SEQUENCE_READY,FUNCTIONAL_ASSIGNMENT_FAILURE,,,3,True,PARTIAL_VERIFIED_GROUNDING,False,False,OBJECT_DISCOVERY_FAILURE,False,,1,True,2,VALID,GOAL_SATISFIED,False,0,3,1,0.3333,False,True,False,[],[]
workshop,W1,trial_01,True,True,,True,,True,,4,1,0,True,True,True,FULL,0,0,0,0,3,2,37.38,ACTION_SEQUENCE_READY,SUCCESS,,,2,True,COMPLETE,True,True,,True,,1,True,5,VALID,GOAL_SATISFIED,True,0,3,3,1.0,True,True,False,[],[]
workshop,W1,trial_02,True,True,,True,,True,,3,1,1,False,True,False,PARTIAL,0,0,0,1,2,2,24.87,PARTIAL_ACTION_SEQUENCE_READY,GRAPH_COMPILATION_FAILURE,,,2,True,COMPLETE,True,True,,False,,1,True,2,VALID,PARTIAL_GOAL_SATISFIED,False,0,3,1,0.3333,False,False,False,"[""Unresolved roles: [{'code': 'AMBIGUOUS_ROLE_MAPPING', 'raw_role': {'id': 'op_slot__cleanup_action__target', 'entity_kind': 'OBJECT', 'function': 'component participant the expressed FASTEN_JOINT operation requires', 'description': 'Existential functional requirement induced by an operation the FM ex"", ""Disabled/unsupported operations: [{'raw_group': {'id': 'cleanup_action', 'function': 'fastening_tool is placed on workbench', 'tool_role': 'fastening_tool', 'target_role': 'op_slot__cleanup_action__target', 'context_role': 'workbench', 'required_target_count': 1, 'usage_policy': 'SEQUENTIAL_REUSE_AL"", ""Unresolved required operations: [{'id': 'cleanup_action', 'operation': 'fastening_tool is placed on workbench', 'participant_roles': ['fastening_tool', 'workbench', 'op_slot__cleanup_action__target'], 'reason': 'SLOT_PARTICIPANT_HAS_NO_RUNTIME_ROLE', 'unrepresented_participants': ['op_slot__cleanup_""]","[""Required operations the runtime cannot represent: [{'id': 'cleanup_action', 'operation': 'fastening_tool is placed on workbench', 'participant_roles': ['fastening_tool', 'workbench', 'op_slot__cleanup_action__target'], 'reason': 'SLOT_PARTICIPANT_HAS_NO_RUNTIME_ROLE', 'unrepresented_participants': ["", ""Operations disabled during compilation: [{'raw_group': {'id': 'cleanup_action', 'function': 'fastening_tool is placed on workbench', 'tool_role': 'fastening_tool', 'target_role': 'op_slot__cleanup_action__target', 'context_role': 'workbench', 'required_target_count': 1, 'usage_policy': 'SEQUENTIAL_R""]"
workshop,W1,trial_03,True,True,,True,,True,,3,1,0,True,True,True,FULL,0,0,0,0,3,2,33.15,ACTION_SEQUENCE_READY,SUCCESS,,,2,True,COMPLETE,True,True,,True,,1,True,5,VALID,GOAL_SATISFIED,True,0,3,3,1.0,True,True,False,[],[]
workshop,W2,trial_01,True,True,,True,,True,,3,1,0,True,True,True,FULL,0,0,0,0,5,2,45.51,PARTIAL_ACTION_SEQUENCE_READY,FUNCTIONAL_ASSIGNMENT_FAILURE,,,3,True,PARTIAL_VERIFIED_GROUNDING,False,False,OBJECT_DISCOVERY_FAILURE,False,,1,True,2,VALID,GOAL_SATISFIED,False,0,3,1,0.3333,False,False,False,[],[]
workshop,W2,trial_02,True,True,,True,,True,,4,1,0,True,True,True,FULL,0,0,0,0,2,2,47.6,PARTIAL_ACTION_SEQUENCE_READY,FUNCTIONAL_ASSIGNMENT_FAILURE,,,3,True,PARTIAL_VERIFIED_GROUNDING,False,False,OBJECT_DISCOVERY_FAILURE,False,,1,True,2,VALID,GOAL_SATISFIED,False,0,3,1,0.3333,False,False,False,[],[]
workshop,W2,trial_03,True,True,,True,,True,,3,2,0,False,True,True,PARTIAL,0,0,0,0,5,3,47.37,INFEASIBLE,GRAPH_COMPILATION_FAILURE,,"fastener, fastener",3,True,INFEASIBLE,False,False,,False,,0,False,0,,,False,0,3,0,0.0,False,False,False,"[""Unresolved roles: [{'code': 'AMBIGUOUS_ROLE_MAPPING', 'raw_role': {'id': 'op_slot__search_components__anchor', 'entity_kind': 'FIXED_TARGET', 'function': 'fixed target participant the expressed FASTEN_JOINT operation requires', 'description': 'Existential functional requirement induced by an operati""]",[]
workshop,W3,trial_01,True,True,,True,,True,,3,1,1,False,True,False,PARTIAL,0,0,2,1,2,2,46.87,INFEASIBLE,GRAPH_COMPILATION_FAILURE,,NO_GLOBAL_ASSIGNMENT,3,True,INFEASIBLE,False,False,,False,,0,False,0,,,False,0,3,0,0.0,False,False,False,"[""Unresolved roles: [{'code': 'AMBIGUOUS_ROLE_MAPPING', 'raw_role': {'id': 'op_slot__place_equipment__target', 'entity_kind': 'OBJECT', 'function': 'component participant the expressed FASTEN_JOINT operation requires', 'description': 'Existential functional requirement induced by an operation the FM e"", ""Disabled/unsupported operations: [{'raw_group': {'id': 'place_equipment', 'function': 'placement', 'tool_role': 'fastening_tool', 'target_role': 'op_slot__place_equipment__target', 'context_role': 'assembly_base', 'required_target_count': 1, 'usage_policy': 'DEDICATED_PER_TARGET', 'required_relation"", ""Unresolved required operations: [{'id': 'place_equipment', 'operation': 'placement', 'participant_roles': ['fastening_tool', 'assembly_base', 'op_slot__place_equipment__target'], 'reason': 'SLOT_PARTICIPANT_HAS_NO_RUNTIME_ROLE', 'unrepresented_participants': ['op_slot__place_equipment__target'], 're"", 'Unresolved required relations: [{\'raw_subject\': \'fastener\', \'raw_phrase\': \'functional\', \'raw_object\': \'assembly_base\', \'status\': \'UNINTERPRETABLE_REQUIRED_RELATION\', \'reason\': ""Relation text \'functional\' provides no semantic evidence for valid predicates [\'COMPATIBLE_WITH_TARGET\'] or task causal sem']","[""Required operations the runtime cannot represent: [{'id': 'place_equipment', 'operation': 'placement', 'participant_roles': ['fastening_tool', 'assembly_base', 'op_slot__place_equipment__target'], 'reason': 'SLOT_PARTICIPANT_HAS_NO_RUNTIME_ROLE', 'unrepresented_participants': ['op_slot__place_equipm"", 'Required relations the runtime cannot represent: [{\'raw_subject\': \'fastener\', \'raw_phrase\': \'functional\', \'raw_object\': \'assembly_base\', \'status\': \'UNINTERPRETABLE_REQUIRED_RELATION\', \'reason\': ""Relation text \'functional\' provides no semantic evidence for valid predicates [\'COMPATIBLE_WITH_TARGET\'] ', ""Operations disabled during compilation: [{'raw_group': {'id': 'place_equipment', 'function': 'placement', 'tool_role': 'fastening_tool', 'target_role': 'op_slot__place_equipment__target', 'context_role': 'assembly_base', 'required_target_count': 1, 'usage_policy': 'DEDICATED_PER_TARGET', 'required_r"", 'Uninterpretable required relations: [{\'raw_subject\': \'fastener\', \'raw_phrase\': \'functional\', \'raw_object\': \'assembly_base\', \'status\': \'UNINTERPRETABLE_REQUIRED_RELATION\', \'reason\': ""Relation text \'functional\' provides no semantic evidence for valid predicates [\'COMPATIBLE_WITH_TARGET\'] or task causa']"
workshop,W3,trial_02,True,True,,True,,True,,4,1,2,False,True,False,PARTIAL,0,0,0,2,2,3,45.63,INFEASIBLE,GRAPH_COMPILATION_FAILURE,,NO_GLOBAL_ASSIGNMENT,3,True,INFEASIBLE,False,False,,False,,0,False,0,,,False,0,3,0,0.0,False,False,False,"[""Unresolved roles: [{'code': 'AMBIGUOUS_ROLE_MAPPING', 'raw_role': {'id': 'op_slot__operation_1__source', 'entity_kind': 'OBJECT', 'function': 'instrument participant the expressed FASTEN_JOINT operation requires', 'description': 'Existential functional requirement induced by an operation the FM expr"", ""Disabled/unsupported operations: [{'raw_group': {'id': 'operation_1', 'function': 'inserted_into', 'tool_role': 'op_slot__operation_1__source', 'target_role': 'fastener', 'context_role': 'target_object', 'required_target_count': 1, 'usage_policy': 'SEQUENTIAL_REUSE_ALLOWED', 'required_relations': []"", ""Unresolved required operations: [{'raw_group': {'id': 'operation_3', 'function': 'placed_on', 'tool_role': 'fastening_tool', 'target_role': 'workbench', 'context_role': None, 'required_target_count': 1, 'usage_policy': 'SEQUENTIAL_REUSE_ALLOWED', 'required_relations': [], 'context_relations': [], 'v""]","[""Required operations the runtime cannot represent: [{'raw_group': {'id': 'operation_3', 'function': 'placed_on', 'tool_role': 'fastening_tool', 'target_role': 'workbench', 'context_role': None, 'required_target_count': 1, 'usage_policy': 'SEQUENTIAL_REUSE_ALLOWED', 'required_relations': [], 'context_"", ""Operations disabled during compilation: [{'raw_group': {'id': 'operation_1', 'function': 'inserted_into', 'tool_role': 'op_slot__operation_1__source', 'target_role': 'fastener', 'context_role': 'target_object', 'required_target_count': 1, 'usage_policy': 'SEQUENTIAL_REUSE_ALLOWED', 'required_relatio""]"
workshop,W3,trial_03,True,True,,True,,True,,3,1,0,False,True,False,FULL,0,0,0,1,1,2,49.62,INFEASIBLE,GRAPH_COMPILATION_FAILURE,,NO_GLOBAL_ASSIGNMENT,3,True,INFEASIBLE,False,False,,False,,0,False,0,,,False,0,3,0,0.0,False,False,False,"[""Unresolved required operations: [{'id': 'place_part', 'operation': 'place_on_surface', 'participant_roles': ['fastening_part', 'workbench'], 'semantic_capability_candidates': ['FASTEN_JOINT', 'RETURN_REUSABLE_ITEM_TO_SUPPORT'], 'reason': 'NO_CAPABILITY_SIGNATURE_ACCEPTS_THESE_PARTICIPANTS', 'require""]","[""Required operations the runtime cannot represent: [{'id': 'place_part', 'operation': 'place_on_surface', 'participant_roles': ['fastening_part', 'workbench'], 'semantic_capability_candidates': ['FASTEN_JOINT', 'RETURN_REUSABLE_ITEM_TO_SUPPORT'], 'reason': 'NO_CAPABILITY_SIGNATURE_ACCEPTS_THESE_PARTI""]"
workshop,W4,trial_01,True,True,,True,,True,,3,1,0,True,True,True,FULL,0,0,0,0,5,2,44.66,PARTIAL_ACTION_SEQUENCE_READY,FUNCTIONAL_ASSIGNMENT_FAILURE,,,3,True,PARTIAL_VERIFIED_GROUNDING,False,False,FUNCTIONAL_ASSIGNMENT_FAILURE,False,,1,True,2,VALID,PARTIAL_GOAL_SATISFIED,False,0,3,1,0.3333,False,False,False,[],[]
workshop,W4,trial_02,True,True,,True,,True,,3,1,0,True,True,True,FULL,0,0,0,0,5,2,41.75,PARTIAL_ACTION_SEQUENCE_READY,FUNCTIONAL_ASSIGNMENT_FAILURE,,,3,True,PARTIAL_VERIFIED_GROUNDING,False,False,OBJECT_DISCOVERY_FAILURE,False,,1,True,2,VALID,GOAL_SATISFIED,False,0,3,1,0.3333,False,False,False,[],[]
workshop,W4,trial_03,True,True,,True,,True,,5,1,0,True,True,True,FULL,0,0,0,0,5,2,39.19,PARTIAL_ACTION_SEQUENCE_READY,FUNCTIONAL_ASSIGNMENT_FAILURE,,,3,True,PARTIAL_VERIFIED_GROUNDING,False,False,OBJECT_DISCOVERY_FAILURE,False,,1,True,2,VALID,GOAL_SATISFIED,False,0,3,1,0.3333,False,False,False,[],[]
workshop,W5,trial_01,True,True,,True,,True,,1,0,1,False,True,False,PARTIAL,0,0,0,2,2,2,41.66,INFEASIBLE,GRAPH_COMPILATION_FAILURE,,"fastener, fastener",3,True,INFEASIBLE,False,False,,False,,0,False,0,,,False,0,3,0,0.0,False,False,False,"[""Unresolved roles: [{'code': 'AMBIGUOUS_ROLE_MAPPING', 'raw_role': {'id': 'op_slot__fasten_workpiece__source', 'entity_kind': 'OBJECT', 'function': 'instrument participant the expressed FASTEN_JOINT operation requires', 'description': 'Existential functional requirement induced by an operation the FM"", ""Disabled/unsupported operations: [{'raw_group': {'id': 'fasten_workpiece', 'function': 'Apply the fastener to the workpiece.', 'tool_role': 'op_slot__fasten_workpiece__source', 'target_role': 'fastener', 'context_role': 'workpiece', 'required_target_count': 1, 'usage_policy': 'SEQUENTIAL_REUSE_ALLOW"", ""Unresolved required operations: [{'id': 'retrieve_fastener', 'participant_roles': ['fastener'], 'reason': 'TOO_FEW_DISTINCT_PARTICIPANTS_TO_STATE_A_RELATION', 'requirement_provenance': 'DERIVED_FROM_EXPLICIT_OPERATION', 'operation': 'Pick up the identified compatible fastener.', 'semantic_capability""]","['The FM expressed 2 physical operation(s) and none survived compilation, so the graph states no change to bring about', ""Required operations the runtime cannot represent: [{'id': 'retrieve_fastener', 'participant_roles': ['fastener'], 'reason': 'TOO_FEW_DISTINCT_PARTICIPANTS_TO_STATE_A_RELATION', 'requirement_provenance': 'DERIVED_FROM_EXPLICIT_OPERATION', 'operation': 'Pick up the identified compatible fastener.', 's"", ""Operations disabled during compilation: [{'raw_group': {'id': 'fasten_workpiece', 'function': 'Apply the fastener to the workpiece.', 'tool_role': 'op_slot__fasten_workpiece__source', 'target_role': 'fastener', 'context_role': 'workpiece', 'required_target_count': 1, 'usage_policy': 'SEQUENTIAL_REUS""]"
workshop,W5,trial_02,True,False,MalformedVLMSpecificationError: UNDECLARED_PARTICIPANT: functional_relations[0] references ['target_assembly'],False,,False,,0,0,0,False,False,False,,0,0,0,0,0,0,0.89,VLM_SPEC_FAILED,TASK_SPECIFICATION_FAILURE,MALFORMED_VLM_SPECIFICATION,UNDECLARED_PARTICIPANT: functional_relations[0] references ['target_assembly'],0,False,,False,False,,False,,0,False,0,,,False,0,3,0,0.0,False,False,False,,
workshop,W5,trial_03,True,True,,True,,True,,3,1,0,True,True,True,FULL,0,0,0,0,5,2,40.46,PARTIAL_ACTION_SEQUENCE_READY,FUNCTIONAL_ASSIGNMENT_FAILURE,,,3,True,PARTIAL_VERIFIED_GROUNDING,False,False,OBJECT_DISCOVERY_FAILURE,False,,1,True,2,VALID,GOAL_SATISFIED,False,0,3,1,0.3333,False,False,False,[],[]
workshop,W6,trial_01,True,True,,True,,True,,4,1,0,True,True,True,FULL,0,0,0,0,2,2,25.39,ACTION_SEQUENCE_READY,SUCCESS,,,1,True,COMPLETE,True,True,,True,,1,True,5,VALID,GOAL_SATISFIED,True,0,3,3,1.0,True,True,False,[],[]
workshop,W6,trial_02,True,True,,True,,True,,3,1,0,True,True,True,FULL,0,0,0,0,5,2,21.77,ACTION_SEQUENCE_READY,SUCCESS,,,1,True,COMPLETE,True,True,,True,,1,True,5,VALID,GOAL_SATISFIED,True,0,3,3,1.0,True,True,False,[],[]
workshop,W6,trial_03,True,True,,True,,True,,5,1,0,True,True,True,FULL,0,1,0,0,5,2,46.13,ACTION_SEQUENCE_READY,SUCCESS,,,3,True,COMPLETE,True,True,,True,,1,True,5,VALID,GOAL_SATISFIED,True,0,3,3,1.0,True,True,False,[],[]
workshop,W7,trial_01,True,True,,True,,True,,3,1,0,True,True,True,FULL,0,1,0,0,2,2,36.47,ACTION_SEQUENCE_READY,SUCCESS,,,3,True,COMPLETE,True,True,,True,,1,True,5,VALID,GOAL_SATISFIED,True,0,3,3,1.0,True,True,False,[],[]
workshop,W7,trial_02,True,True,,True,,True,,4,1,0,False,True,False,FULL,0,0,0,2,1,1,42.5,PARTIAL_ACTION_SEQUENCE_READY,GRAPH_COMPILATION_FAILURE,,,3,True,COMPLETE,True,True,,False,,1,True,5,VALID,GOAL_SATISFIED,False,0,3,3,1.0,True,True,False,"[""Unresolved required operations: [{'id': 'search_components', 'participant_roles': ['storage_container'], 'reason': 'TOO_FEW_DISTINCT_PARTICIPANTS_TO_STATE_A_RELATION', 'requirement_provenance': 'DERIVED_FROM_EXPLICIT_OPERATION', 'operation': 'The robot arm opens and inspects storage containers to fi""]","[""Required operations the runtime cannot represent: [{'id': 'search_components', 'participant_roles': ['storage_container'], 'reason': 'TOO_FEW_DISTINCT_PARTICIPANTS_TO_STATE_A_RELATION', 'requirement_provenance': 'DERIVED_FROM_EXPLICIT_OPERATION', 'operation': 'The robot arm opens and inspects storag""]"
workshop,W7,trial_03,True,True,,True,,True,,3,1,0,True,True,True,FULL,0,0,0,0,5,2,43.09,ACTION_SEQUENCE_READY,SUCCESS,,,3,True,COMPLETE,True,True,,True,,1,True,5,VALID,GOAL_SATISFIED,True,0,3,3,1.0,True,True,False,[],[]
workshop,W8,trial_01,True,True,,True,,True,,3,1,0,True,True,True,FULL,0,0,0,0,1,2,41.72,ACTION_SEQUENCE_READY,SUCCESS,,,3,True,COMPLETE,True,True,,True,,1,True,5,VALID,GOAL_SATISFIED,True,0,3,3,1.0,True,True,False,[],[]
workshop,W8,trial_02,True,True,,True,,True,,3,1,0,True,True,True,FULL,0,0,0,0,5,2,41.28,ACTION_SEQUENCE_READY,SUCCESS,,,3,True,COMPLETE,True,True,,True,,1,True,5,VALID,GOAL_SATISFIED,True,0,3,3,1.0,True,True,False,[],[]
workshop,W8,trial_03,True,True,,True,,True,,3,1,0,True,True,True,FULL,0,0,0,0,1,2,42.68,ACTION_SEQUENCE_READY,SUCCESS,,,3,True,COMPLETE,True,True,,True,,1,True,5,VALID,GOAL_SATISFIED,True,0,3,3,1.0,True,True,False,[],[]
workshop,W9,trial_01,False,True,,True,,True,,4,1,0,True,True,True,FULL,0,2,0,0,5,2,38.01,PARTIAL_ACTION_SEQUENCE_READY,FUNCTIONAL_ASSIGNMENT_FAILURE,,,3,True,PARTIAL_VERIFIED_GROUNDING,False,False,FUNCTIONAL_ASSIGNMENT_FAILURE,False,,1,True,2,VALID,PARTIAL_GOAL_SATISFIED,False,0,3,1,0.3333,False,True,False,[],[]
workshop,W9,trial_02,False,True,,True,,True,,5,2,1,False,True,False,PARTIAL,0,0,0,1,4,3,36.79,INFEASIBLE,GRAPH_COMPILATION_FAILURE,,NO_GLOBAL_ASSIGNMENT,3,True,INFEASIBLE,False,False,,False,,0,False,0,,,False,0,3,0,0.0,False,True,False,"[""Unresolved roles: [{'code': 'AMBIGUOUS_ROLE_MAPPING', 'raw_role': {'id': 'reusable_equipment', 'entity_kind': 'OBJECT', 'function': 'Tool used for the task, to be left behind.', 'required_count': 1, 'binding_policy': 'SHARED', 'candidate_categories': ['tool', 'device'], 'required_properties': ['mani"", ""Disabled/unsupported operations: [{'raw_group': {'id': 'place_equipment', 'function': 'Place the used tool onto the desk surface.', 'tool_role': 'reusable_equipment', 'target_role': 'desk_surface', 'context_role': None, 'required_target_count': 1, 'usage_policy': 'SEQUENTIAL_REUSE_ALLOWED', 'require"", ""Unresolved required operations: [{'id': 'place_equipment', 'operation': 'Place the used tool onto the desk surface.', 'participant_roles': ['reusable_equipment', 'desk_surface'], 'reason': 'SLOT_PARTICIPANT_HAS_NO_RUNTIME_ROLE', 'unrepresented_participants': ['reusable_equipment'], 'requirement_prov""]","[""Required operations the runtime cannot represent: [{'id': 'place_equipment', 'operation': 'Place the used tool onto the desk surface.', 'participant_roles': ['reusable_equipment', 'desk_surface'], 'reason': 'SLOT_PARTICIPANT_HAS_NO_RUNTIME_ROLE', 'unrepresented_participants': ['reusable_equipment'],"", ""Operations disabled during compilation: [{'raw_group': {'id': 'place_equipment', 'function': 'Place the used tool onto the desk surface.', 'tool_role': 'reusable_equipment', 'target_role': 'desk_surface', 'context_role': None, 'required_target_count': 1, 'usage_policy': 'SEQUENTIAL_REUSE_ALLOWED', '""]"
workshop,W9,trial_03,False,True,,True,,True,,3,1,0,True,True,True,FULL,0,0,0,0,3,2,33.86,PARTIAL_ACTION_SEQUENCE_READY,FUNCTIONAL_ASSIGNMENT_FAILURE,,,3,True,PARTIAL_VERIFIED_GROUNDING,False,False,FUNCTIONAL_ASSIGNMENT_FAILURE,False,,1,True,2,VALID,PARTIAL_GOAL_SATISFIED,False,0,3,1,0.3333,False,True,False,[],[]
