domain,variant,trial,feasible,strict_v3_valid,strict_v3_error,task_valid,task_error,graph_compiled,compile_error,n_relations_compiled,n_operation_groups,n_disabled_operations,contract_complete,canonicalization_status,n_provisional_ops,n_task_causal,n_unresolved_required_relations,n_unresolved_required_operations,n_canonical_relations_in_doc,n_canonical_groups_in_doc,runtime_sec,pipeline_status,outcome_category,failure_category,failure_reason,n_inspected_regions,grounding_reached,grounding_status,grounding_satisfied,grounding_complete,grounding_failure_kind,complete_grounding,astar_invocations,astar_reached,plan_length,symbolic_validation,symbolic_goal_status,success,semantic_vlm_requests,gt_goals_total,gt_goals_satisfied,gt_goal_coverage,gt_full_task_satisfied,outcome_correct,contract_missing_reasons,harness_failure
kitchen,K10,trial_01,False,True,,True,,True,,4,3,0,False,PARTIAL,0,0,4,0,7,8,45.08,NO_MEANINGFUL_CANDIDATE_PLAN,OBJECT_DISCOVERY_FAILURE,,NO_COMPLETE_FUNCTIONAL_WITNESS,5,True,INFEASIBLE,False,False,OBJECT_DISCOVERY_FAILURE,False,0,False,0,,,False,0,4,0,0.0,False,True,"['Sanitizer reported semantic incompleteness', ""Unresolved roles: [{'raw_role': {'id': 'soup_ingredient', 'entity_kind': 'OBJECT', 'function': 'Food for soup', 'required_count': 2, 'binding_policy': 'DISTINCT', 'candidate_categories': ['liquid food', 'stew', 'broth'], 'required_properties': ['edible'], 'visible_candidates': [{'label': 'bowl with "", 'Unresolved required relations: [{\'raw_subject\': \'coffee_cup\', \'raw_phrase\': \'contains\', \'raw_object\': \'coffee_ingredient\', \'status\': \'UNINTERPRETABLE_REQUIRED_RELATION\', \'reason\': ""Relation text \'contains\' provides no semantic evidence for valid predicates [] or task causal semantics""}, {\'raw_subjec']",
kitchen,K10,trial_02,False,False,MalformedVLMSpecificationError: DUPLICATE_OPERATION_PARTICIPANT: operation_pairings[1],False,,False,,0,0,0,False,,0,0,0,0,0,0,2.7,VLM_SPEC_FAILED,TASK_SPECIFICATION_FAILURE,MALFORMED_VLM_SPECIFICATION,DUPLICATE_OPERATION_PARTICIPANT: operation_pairings[1],0,False,,False,False,,False,0,False,0,,,False,0,4,0,0.0,False,True,,
kitchen,K10,trial_03,False,True,,True,,True,,2,2,1,False,PARTIAL,1,0,7,1,10,6,42.15,NO_MEANINGFUL_CANDIDATE_PLAN,FUNCTIONAL_ASSIGNMENT_FAILURE,,"('coffee_source',)",5,True,INCOMPLETE,False,False,FUNCTIONAL_ASSIGNMENT_FAILURE,False,0,False,0,,,False,0,4,0,0.0,False,True,"['Sanitizer reported semantic incompleteness', ""Unresolved roles: [{'code': 'AMBIGUOUS_ROLE_MAPPING', 'raw_role': {'id': 'stirring_utensil', 'entity_kind': 'OBJECT', 'function': 'Tool used to mix the coffee.', 'required_count': 2, 'binding_policy': 'DISTINCT', 'candidate_categories': ['spoon', 'stick', 'whisk'], 'required_properties': ['rigid', '"", ""Disabled/unsupported operations: [{'raw_group': {'id': 'stir_coffee', 'function': 'Stir the coffee mixture using the stirring utensil.', 'tool_role': 'stirring_utensil', 'target_role': 'cup', 'context_role': None, 'required_target_count': 2, 'usage_policy': 'DEDICATED_PER_TARGET', 'required_relation"", ""Unresolved required operations: [{'raw_group': {'id': 'stir_coffee', 'function': 'Stir the coffee mixture using the stirring utensil.', 'tool_role': 'stirring_utensil', 'target_role': 'cup', 'context_role': None, 'required_target_count': 2, 'usage_policy': 'DEDICATED_PER_TARGET', 'required_relations"", 'Unresolved required relations: [{\'raw_subject\': \'coffee_source\', \'raw_phrase\': \'The coffee source and water are combined in the cup and stirred.\', \'raw_object\': \'water\', \'status\': \'UNINTERPRETABLE_REQUIRED_RELATION\', \'reason\': ""Relation text \'The coffee source and water are combined in the cup and s']",
kitchen,K11,trial_01,False,True,,True,,False,"MalformedVLMSpecificationError: Predicate 'INSERTABLE_IN' in domain 'kitchen' expects object entity_kind in ('OBJECT',), got 'REGION'",0,0,0,False,,0,0,0,0,3,6,3.33,VLM_SPEC_FAILED,TASK_SPECIFICATION_FAILURE,MALFORMED_VLM_SPECIFICATION,"Predicate 'INSERTABLE_IN' in domain 'kitchen' expects object entity_kind in ('OBJECT',), got 'REGION'",0,False,,False,False,,False,0,False,0,,,False,0,4,0,0.0,False,True,,
kitchen,K11,trial_02,False,True,,True,,True,,4,2,0,False,PARTIAL,0,0,6,0,9,5,47.26,NO_MEANINGFUL_CANDIDATE_PLAN,OBJECT_DISCOVERY_FAILURE,,"('water_source',)",5,True,INFEASIBLE,False,False,OBJECT_DISCOVERY_FAILURE,False,0,False,0,,,False,0,4,0,0.0,False,True,"['Sanitizer reported semantic incompleteness', ""Unresolved roles: [{'code': 'AMBIGUOUS_ROLE_MAPPING', 'raw_role': {'id': 'utensil', 'entity_kind': 'OBJECT', 'function': 'Tool for eating soup', 'required_count': 2, 'binding_policy': 'DISTINCT', 'candidate_categories': ['spoon', 'fork'], 'required_properties': ['metal', 'edible safe'], 'visible_can"", 'Unresolved required relations: [{\'raw_subject\': \'coffee_ingredient\', \'raw_phrase\': \'Coffee ingredient and water source combine in a mug.\', \'raw_object\': \'water_source\', \'status\': \'UNINTERPRETABLE_REQUIRED_RELATION\', \'reason\': ""Relation text \'Coffee ingredient and water source combine in a mug.\' prov']",
kitchen,K11,trial_03,False,True,,True,,True,,4,2,0,False,PARTIAL,0,0,6,0,6,4,40.46,NO_MEANINGFUL_CANDIDATE_PLAN,OBJECT_DISCOVERY_FAILURE,,"('coffee_source',)",5,True,INFEASIBLE,False,False,OBJECT_DISCOVERY_FAILURE,False,0,False,0,,,False,0,4,0,0.0,False,True,"['Sanitizer reported semantic incompleteness', ""Unresolved roles: [{'code': 'AMBIGUOUS_ROLE_MAPPING', 'raw_role': {'id': 'water', 'entity_kind': 'OBJECT', 'function': 'Liquid for coffee', 'required_count': 2, 'binding_policy': 'REUSABLE', 'candidate_categories': ['liquid', 'jug', 'kettle'], 'required_properties': ['drinkable liquid'], 'visible_ca"", 'Unresolved required relations: [{\'raw_subject\': \'coffee_cup\', \'raw_phrase\': \'Combine ingredients into cup\', \'raw_object\': \'coffee_powder\', \'status\': \'UNINTERPRETABLE_REQUIRED_RELATION\', \'reason\': ""Relation text \'Combine ingredients into cup\' provides no semantic evidence for valid predicates [] or t']",
kitchen,K12,trial_01,False,True,,True,,True,,2,1,0,False,PARTIAL,0,0,2,1,8,2,41.93,NO_MEANINGFUL_CANDIDATE_PLAN,FUNCTIONAL_ASSIGNMENT_FAILURE,,NO_COMPLETE_FUNCTIONAL_WITNESS,5,True,INFEASIBLE,False,False,FUNCTIONAL_ASSIGNMENT_FAILURE,False,0,False,0,,,False,0,4,0,0.0,False,True,"['Sanitizer reported semantic incompleteness', ""Unresolved roles: [{'raw_role': {'id': 'soup_source', 'entity_kind': 'OBJECT', 'function': 'Source of soup', 'required_count': 2, 'binding_policy': 'REUSABLE', 'candidate_categories': ['pot', 'container'], 'required_properties': ['contains_soup'], 'visible_candidates': [], 'description': ''}, 'statu"", ""Unresolved required operations: [{'id': 'prepare_coffee', 'operation': 'fill_and_mix', 'participant_roles': ['coffee_cup', 'coffee_source', 'water_source', 'stirring_utensil'], 'semantic_capability_candidates': ['TRANSFER_CONTENT_TO_CONTAINER'], 'reason': 'NO_CAPABILITY_SIGNATURE_ACCEPTS_THESE_PARTI"", 'Unresolved required relations: [{\'raw_subject\': \'coffee_source\', \'raw_phrase\': \'contains\', \'raw_object\': \'water_source\', \'status\': \'UNINTERPRETABLE_REQUIRED_RELATION\', \'reason\': ""Relation text \'contains\' provides no semantic evidence for valid predicates [] or task causal semantics""}, {\'raw_subject\'']",
kitchen,K12,trial_02,False,True,,True,,True,,4,4,0,False,PARTIAL,0,1,2,0,7,6,42.51,NO_MEANINGFUL_CANDIDATE_PLAN,OBJECT_DISCOVERY_FAILURE,,"('coffee_source',)",5,True,INFEASIBLE,False,False,OBJECT_DISCOVERY_FAILURE,False,0,False,0,,,False,0,4,0,0.0,False,True,"['Sanitizer reported semantic incompleteness', ""Unresolved roles: [{'raw_role': {'id': 'soup_liquid', 'entity_kind': 'OBJECT', 'function': 'Food substance to be eaten', 'required_count': 2, 'binding_policy': 'DISTINCT', 'candidate_categories': ['soup', 'broth', 'stew'], 'required_properties': ['liquid food'], 'visible_candidates': [], 'descriptio"", 'Unresolved required relations: [{\'raw_subject\': \'coffee_source\', \'raw_phrase\': \'filled_with\', \'raw_object\': \'water_source\', \'status\': \'UNINTERPRETABLE_REQUIRED_RELATION\', \'reason\': ""Relation text \'filled_with\' provides no semantic evidence for valid predicates [] or task causal semantics""}, {\'raw_su']",
kitchen,K12,trial_03,False,False,MalformedVLMSpecificationError: V3 schema validation failed: 'schema_version' is a required property,False,,False,,0,0,0,False,,0,0,0,0,0,0,2.86,VLM_SPEC_FAILED,TASK_SPECIFICATION_FAILURE,SANITIZER_UNRECOVERABLE,No meaningful functional roles recovered,0,False,,False,False,,False,0,False,0,,,False,0,4,0,0.0,False,True,,
kitchen,K1,trial_01,True,True,,True,,True,,4,2,0,False,PARTIAL,0,2,3,0,5,4,58.93,NO_MEANINGFUL_CANDIDATE_PLAN,FUNCTIONAL_ASSIGNMENT_FAILURE,,"('soup_container', 'coffee_source')",5,True,INCOMPLETE,False,False,FUNCTIONAL_ASSIGNMENT_FAILURE,False,0,False,0,,,False,0,4,0,0.0,False,False,"['Sanitizer reported semantic incompleteness', ""Unresolved roles: [{'code': 'AMBIGUOUS_ROLE_MAPPING', 'raw_role': {'id': 'water', 'entity_kind': 'OBJECT', 'function': 'Liquid source for coffee', 'required_count': 2, 'binding_policy': 'REUSABLE', 'candidate_categories': ['tap water', 'bottled water', 'kettle contents'], 'required_properties': ['li"", 'Unresolved required relations: [{\'raw_subject\': \'coffee_cup\', \'raw_phrase\': \'coffee_cup contains coffee_ingredient and water\', \'raw_object\': \'coffee_ingredient\', \'status\': \'UNINTERPRETABLE_REQUIRED_RELATION\', \'reason\': ""Relation text \'coffee_cup contains coffee_ingredient and water\' provides no sema']",
kitchen,K1,trial_02,True,True,,True,,True,,4,2,0,False,PARTIAL,0,1,4,0,7,5,50.36,NO_MEANINGFUL_CANDIDATE_PLAN,OBJECT_DISCOVERY_FAILURE,,"('coffee_source', 'water_source')",5,True,INFEASIBLE,False,False,OBJECT_DISCOVERY_FAILURE,False,0,False,0,,,False,0,4,0,0.0,False,False,"['Sanitizer reported semantic incompleteness', ""Unresolved roles: [{'code': 'AMBIGUOUS_ROLE_MAPPING', 'raw_role': {'id': 'soup_food', 'entity_kind': 'OBJECT', 'function': 'Main dish item', 'required_count': 2, 'binding_policy': 'DISTINCT', 'candidate_categories': ['soup', 'broth'], 'required_properties': ['is liquid food'], 'visible_candidates': "", 'Unresolved required relations: [{\'raw_subject\': \'coffee_cup\', \'raw_phrase\': \'contains\', \'raw_object\': \'coffee_ingredient\', \'status\': \'UNINTERPRETABLE_REQUIRED_RELATION\', \'reason\': ""Relation text \'contains\' provides no semantic evidence for valid predicates [] or task causal semantics""}, {\'raw_subjec']",
kitchen,K1,trial_03,True,True,,True,,True,,2,1,0,False,PARTIAL,0,1,5,0,6,3,43.83,NO_MEANINGFUL_CANDIDATE_PLAN,OBJECT_DISCOVERY_FAILURE,,NO_COMPLETE_FUNCTIONAL_WITNESS,5,True,INFEASIBLE,False,False,OBJECT_DISCOVERY_FAILURE,False,0,False,0,,,False,0,4,0,0.0,False,False,"['Sanitizer reported semantic incompleteness', ""Unresolved roles: [{'code': 'AMBIGUOUS_ROLE_MAPPING', 'raw_role': {'id': 'water', 'entity_kind': 'OBJECT', 'function': 'Liquid ingredient for coffee', 'required_count': 1, 'binding_policy': 'REUSABLE', 'candidate_categories': ['kettle', 'jug', 'water bottle'], 'required_properties': ['liquid', 'drin"", ""Unresolved required relations: [{'raw_subject': 'coffee', 'raw_phrase': 'Coffee and Water are combined to form a drink in a Cup.', 'raw_object': 'water', 'status': 'UNINTERPRETABLE_REQUIRED_RELATION', 'reason': 'Unresolved or context-only endpoint'}, {'raw_subject': 'coffee', 'raw_phrase': 'Coffee a""]",
kitchen,K2,trial_01,True,True,,True,,True,,3,1,1,False,PARTIAL,0,1,1,1,5,4,30.65,PARTIAL_ACTION_SEQUENCE_READY,PLANNING_FAILURE,,,0,True,COMPLETE,True,True,,False,1,True,12,,,False,0,4,1,0.25,False,False,"['Sanitizer reported semantic incompleteness', ""Unresolved roles: [{'code': 'AMBIGUOUS_ROLE_MAPPING', 'raw_role': {'id': 'water', 'entity_kind': 'OBJECT', 'function': 'Liquid ingredient to be mixed with coffee.', 'required_count': 2, 'binding_policy': 'SHARED', 'candidate_categories': ['liquid', 'water_source'], 'required_properties': [], 'visibl"", ""Disabled/unsupported operations: [{'raw_group': {'id': 'op2', 'function': 'stir', 'tool_role': 'stirring_implementation', 'target_role': 'coffee_cup', 'context_role': None, 'required_target_count': 2, 'usage_policy': 'SEQUENTIAL_REUSE_ALLOWED', 'required_relations': [], 'context_relations': [], 'v3_"", ""Unresolved required operations: [{'raw_group': {'id': 'op2', 'function': 'stir', 'tool_role': 'stirring_implementation', 'target_role': 'coffee_cup', 'context_role': None, 'required_target_count': 2, 'usage_policy': 'SEQUENTIAL_REUSE_ALLOWED', 'required_relations': [], 'context_relations': [], 'v3_s"", ""Unresolved required relations: [{'raw_subject': 'water', 'raw_phrase': 'contained_in', 'raw_object': 'coffee_cup', 'status': 'UNINTERPRETABLE_REQUIRED_RELATION', 'reason': 'Unresolved or context-only endpoint'}]""]",
kitchen,K2,trial_02,True,True,,True,,True,,4,2,1,False,PARTIAL,0,1,5,1,6,5,54.47,NO_MEANINGFUL_CANDIDATE_PLAN,OBJECT_DISCOVERY_FAILURE,,"('coffee_source', 'water_source')",5,True,INFEASIBLE,False,False,OBJECT_DISCOVERY_FAILURE,False,0,False,0,,,False,0,4,0,0.0,False,False,"['Sanitizer reported semantic incompleteness', ""Unresolved roles: [{'code': 'AMBIGUOUS_ROLE_MAPPING', 'raw_role': {'id': 'person', 'entity_kind': 'FIXED_TARGET', 'function': 'Recipient of the meal', 'required_count': 2, 'binding_policy': 'SHARED', 'candidate_categories': ['human', 'guest'], 'required_properties': ['capable_of_eating'], 'visible_c"", ""Disabled/unsupported operations: [{'raw_group': {'id': 'op_4', 'function': 'serve_food', 'tool_role': 'person', 'target_role': 'soup_bowl', 'context_role': None, 'required_target_count': 2, 'usage_policy': 'SEQUENTIAL_REUSE_ALLOWED', 'required_relations': [], 'context_relations': [], 'v3_slot_assign"", ""Unresolved required operations: [{'raw_group': {'id': 'op_4', 'function': 'serve_food', 'tool_role': 'person', 'target_role': 'soup_bowl', 'context_role': None, 'required_target_count': 2, 'usage_policy': 'SEQUENTIAL_REUSE_ALLOWED', 'required_relations': [], 'context_relations': [], 'v3_slot_assignm"", 'Unresolved required relations: [{\'raw_subject\': \'coffee_cup\', \'raw_phrase\': \'prepared_from\', \'raw_object\': \'coffee_ingredient\', \'status\': \'UNINTERPRETABLE_REQUIRED_RELATION\', \'reason\': ""Relation text \'prepared_from\' provides no semantic evidence for valid predicates [] or task causal semantics""}, {\'']",
kitchen,K2,trial_03,True,True,,True,,True,,2,1,0,False,PARTIAL,0,1,3,1,6,2,48.68,NO_MEANINGFUL_CANDIDATE_PLAN,OBJECT_DISCOVERY_FAILURE,,NO_COMPLETE_FUNCTIONAL_WITNESS,5,True,INFEASIBLE,False,False,OBJECT_DISCOVERY_FAILURE,False,0,False,0,,,False,0,4,0,0.0,False,False,"['Sanitizer reported semantic incompleteness', ""Unresolved required operations: [{'id': 'make_coffee', 'operation': 'mix_and_stir', 'participant_roles': ['coffee_cup', 'coffee_ingredient', 'water_container', 'stirring_utensil'], 'semantic_capability_candidates': ['STIR_COFFEE'], 'reason': 'NO_CAPABILITY_SIGNATURE_ACCEPTS_THESE_PARTICIPANTS'}]"", 'Unresolved required relations: [{\'raw_subject\': \'coffee_cup\', \'raw_phrase\': \'prepared_from\', \'raw_object\': \'coffee_ingredient\', \'status\': \'UNINTERPRETABLE_REQUIRED_RELATION\', \'reason\': ""Relation text \'prepared_from\' provides no semantic evidence for valid predicates [] or task causal semantics""}, {\'']",
kitchen,K3,trial_01,True,True,,True,,True,,2,1,0,False,PARTIAL,0,0,5,0,6,2,57.78,NO_MEANINGFUL_CANDIDATE_PLAN,FUNCTIONAL_ASSIGNMENT_FAILURE,,NO_COMPLETE_FUNCTIONAL_WITNESS,5,True,INFEASIBLE,False,False,FUNCTIONAL_ASSIGNMENT_FAILURE,False,0,False,0,,,False,0,4,0,0.0,False,False,"['Sanitizer reported semantic incompleteness', ""Unresolved roles: [{'code': 'AMBIGUOUS_ROLE_MAPPING', 'raw_role': {'id': 'watersupply', 'entity_kind': 'OBJECT', 'function': 'Provides the liquid base for coffee.', 'required_count': 1, 'binding_policy': 'SHARED', 'candidate_categories': ['water bottle', 'jug', 'kettle', 'tap'], 'required_properties"", 'Unresolved required relations: [{\'raw_subject\': \'coffeecontainer\', \'raw_phrase\': \'CoffeeContainer must contain CoffeeSupply and WaterSupply\', \'raw_object\': \'coffeesupply\', \'status\': \'UNINTERPRETABLE_REQUIRED_RELATION\', \'reason\': ""Relation text \'CoffeeContainer must contain CoffeeSupply and WaterSupp']",
kitchen,K3,trial_02,True,True,,True,,False,KeyError: 'Coffee_Powder',0,0,0,False,,0,0,0,0,6,5,2.5,PIPELINE_EXCEPTION,,,'Coffee_Powder',0,False,,False,False,,False,0,False,0,,,False,0,4,0,0.0,False,False,,
kitchen,K3,trial_03,True,True,,True,,False,KeyError: 'soup_bowl',0,0,0,False,,0,0,0,0,7,3,3.07,PIPELINE_EXCEPTION,,,'soup_bowl',0,False,,False,False,,False,0,False,0,,,False,0,4,0,0.0,False,False,,
kitchen,K4,trial_01,True,True,,True,,True,,0,0,0,False,PARTIAL,0,0,6,0,6,1,69.97,NO_MEANINGFUL_CANDIDATE_PLAN,FUNCTIONAL_ASSIGNMENT_FAILURE,,"('coffee_container', 'soup_container', 'coffee_source')",5,True,INCOMPLETE,False,False,FUNCTIONAL_ASSIGNMENT_FAILURE,False,0,False,0,,,False,0,4,0,0.0,False,False,"['Sanitizer reported semantic incompleteness', ""Unresolved roles: [{'code': 'AMBIGUOUS_ROLE_MAPPING', 'raw_role': {'id': 'coffee_powder', 'entity_kind': 'OBJECT', 'function': 'Ingredient for coffee', 'required_count': 2, 'binding_policy': 'REUSABLE', 'candidate_categories': ['grounds', 'beans', 'packet'], 'required_properties': ['aromatic', 'brow"", 'Unresolved required relations: [{\'raw_subject\': \'coffee_cup\', \'raw_phrase\': \'Coffee cup contains water and coffee powder\', \'raw_object\': \'water\', \'status\': \'UNINTERPRETABLE_REQUIRED_RELATION\', \'reason\': ""Relation text \'Coffee cup contains water and coffee powder\' provides no semantic evidence for va']",
kitchen,K4,trial_02,True,True,,True,,True,,2,1,0,False,PARTIAL,0,1,4,0,5,4,51.93,NO_MEANINGFUL_CANDIDATE_PLAN,FUNCTIONAL_ASSIGNMENT_FAILURE,,NO_COMPLETE_FUNCTIONAL_WITNESS,5,True,INFEASIBLE,False,False,FUNCTIONAL_ASSIGNMENT_FAILURE,False,0,False,0,,,False,0,4,0,0.0,False,False,"['Sanitizer reported semantic incompleteness', 'Unresolved required relations: [{\'raw_subject\': \'coffee_vessel\', \'raw_phrase\': \'contains\', \'raw_object\': \'coffee_ingredient\', \'status\': \'UNINTERPRETABLE_REQUIRED_RELATION\', \'reason\': ""Relation text \'contains\' provides no semantic evidence for valid predicates [] or task causal semantics""}, {\'raw_sub']",
kitchen,K4,trial_03,True,True,,True,,True,,0,0,0,False,PARTIAL,0,1,2,0,3,1,62.4,NO_MEANINGFUL_CANDIDATE_PLAN,OBJECT_DISCOVERY_FAILURE,,NO_COMPLETE_FUNCTIONAL_WITNESS,5,True,INFEASIBLE,False,False,OBJECT_DISCOVERY_FAILURE,False,0,False,0,,,False,0,4,0,0.0,False,False,"['Sanitizer reported semantic incompleteness', ""Unresolved roles: [{'code': 'AMBIGUOUS_ROLE_MAPPING', 'raw_role': {'id': 'water_ingredient', 'entity_kind': 'OBJECT', 'function': 'Liquid ingredient for coffee', 'required_count': 2, 'binding_policy': 'DISTINCT', 'candidate_categories': ['water', 'tap water'], 'required_properties': ['liquid'], 'vis"", 'Unresolved required relations: [{\'raw_subject\': \'coffee_ingredient\', \'raw_phrase\': \'CONTAINS\', \'raw_object\': \'coffee_cup\', \'status\': \'UNINTERPRETABLE_REQUIRED_RELATION\', \'reason\': ""Relation text \'CONTAINS\' provides no semantic evidence for valid predicates [] or task causal semantics""}, {\'raw_subjec']",
kitchen,K5,trial_01,True,True,,True,,True,,2,1,0,False,PARTIAL,0,0,8,0,8,1,52.52,ACTION_SEQUENCE_READY,SUCCESS,,,4,True,COMPLETE,True,True,,True,1,True,12,,,True,0,4,2,0.5,False,False,"[""Unresolved roles: [{'raw_role': {'id': 'soup_ingredient', 'entity_kind': 'OBJECT', 'function': 'Raw material for soup', 'required_count': 2, 'binding_policy': 'REUSABLE', 'candidate_categories': ['soup mix', 'pre-made soup', 'ingredients'], 'required_properties': ['edible'], 'visible_candidates': []"", ""Unresolved required relations: [{'raw_subject': 'cooking_vessel', 'raw_phrase': 'mixed_in', 'raw_object': 'coffee_ingredient', 'status': 'UNINTERPRETABLE_REQUIRED_RELATION', 'reason': 'Unresolved or context-only endpoint'}, {'raw_subject': 'cooking_vessel', 'raw_phrase': 'mixed_in', 'raw_object': 'w""]",
kitchen,K5,trial_02,True,True,,True,,True,,4,2,0,False,PARTIAL,0,1,3,0,4,4,39.1,ACTION_SEQUENCE_READY,SUCCESS,,,2,True,COMPLETE,True,True,,True,1,True,16,,,True,0,4,2,0.5,False,False,"['Sanitizer reported semantic incompleteness', ""Unresolved roles: [{'raw_role': {'id': 'soup_ingredient', 'entity_kind': 'OBJECT', 'function': 'Substance to be eaten as soup', 'required_count': 1, 'binding_policy': 'SHARED', 'candidate_categories': ['soup_can', 'soup_pot', 'food_bag'], 'required_properties': ['is_soup'], 'visible_candidates': [],"", 'Unresolved required relations: [{\'raw_subject\': \'coffee_cup\', \'raw_phrase\': \'prepared_by_combination\', \'raw_object\': \'coffee_ingredient\', \'status\': \'UNINTERPRETABLE_REQUIRED_RELATION\', \'reason\': ""Relation text \'prepared_by_combination\' provides no semantic evidence for valid predicates [] or task ca']",
kitchen,K5,trial_03,True,True,,True,,True,,1,0,0,False,FULL,0,5,0,2,9,0,198.83,NO_MEANINGFUL_CANDIDATE_PLAN,FUNCTIONAL_ASSIGNMENT_FAILURE,,NO_COMPLETE_FUNCTIONAL_WITNESS,5,True,INFEASIBLE,False,False,FUNCTIONAL_ASSIGNMENT_FAILURE,False,0,False,0,,,False,0,4,0,0.0,False,False,"[""Unresolved required operations: [{'id': 'prepare_coffee', 'operation': 'Add ingredients and stir', 'participant_roles': ['coffee_cup', 'coffee_ingredient', 'water_source', 'stirring_rod'], 'semantic_capability_candidates': ['STIR_COFFEE'], 'reason': 'NO_CAPABILITY_SIGNATURE_ACCEPTS_THESE_PARTICIPANT""]",
kitchen,K6,trial_01,True,True,,True,,True,,4,3,2,False,PARTIAL,0,2,4,2,7,6,45.4,ACTION_SEQUENCE_READY,SUCCESS,,,5,True,COMPLETE,True,True,,True,1,True,22,,,True,0,4,2,0.5,False,False,"['Sanitizer reported semantic incompleteness', ""Unresolved roles: [{'code': 'AMBIGUOUS_ROLE_MAPPING', 'raw_role': {'id': 'coffee_source', 'entity_kind': 'OBJECT', 'function': 'Source of coffee powder/granules', 'required_count': 1, 'binding_policy': 'SHARED', 'candidate_categories': ['jar', 'can', 'bag'], 'required_properties': ['contains_coffee'"", ""Disabled/unsupported operations: [{'raw_group': {'id': 'op_002', 'function': 'add_coffee', 'tool_role': 'coffee_source', 'target_role': 'coffee_cup', 'context_role': None, 'required_target_count': 2, 'usage_policy': 'SEQUENTIAL_REUSE_ALLOWED', 'required_relations': [], 'context_relations': [], 'v3_s"", ""Unresolved required operations: [{'raw_group': {'id': 'op_002', 'function': 'add_coffee', 'tool_role': 'coffee_source', 'target_role': 'coffee_cup', 'context_role': None, 'required_target_count': 2, 'usage_policy': 'SEQUENTIAL_REUSE_ALLOWED', 'required_relations': [], 'context_relations': [], 'v3_sl"", ""Unresolved required relations: [{'raw_subject': 'coffee_cup', 'raw_phrase': 'mixed_with', 'raw_object': 'coffee_source', 'status': 'UNINTERPRETABLE_REQUIRED_RELATION', 'reason': 'Unresolved or context-only endpoint'}, {'raw_subject': 'coffee_cup', 'raw_phrase': 'served_to', 'raw_object': 'recipient_""]",
kitchen,K6,trial_02,True,True,,True,,True,,4,4,0,False,PARTIAL,0,0,2,0,9,6,50.47,NO_MEANINGFUL_CANDIDATE_PLAN,OBJECT_DISCOVERY_FAILURE,,NO_COMPLETE_FUNCTIONAL_WITNESS,5,True,INFEASIBLE,False,False,OBJECT_DISCOVERY_FAILURE,False,0,False,0,,,False,0,4,0,0.0,False,False,"['Sanitizer reported semantic incompleteness', ""Unresolved roles: [{'code': 'AMBIGUOUS_ROLE_MAPPING', 'raw_role': {'id': 'storage_unit', 'entity_kind': 'REGION', 'function': 'Enclosed space containing ingredients or utensils.', 'required_count': 1, 'binding_policy': 'SHARED', 'candidate_categories': ['cabinet', 'drawer', 'box'], 'required_propert"", 'Unresolved required relations: [{\'raw_subject\': \'coffee_source\', \'raw_phrase\': \'The coffee_cup must contain the mixed coffee and be placed on the table.\', \'raw_object\': \'water_source\', \'status\': \'UNINTERPRETABLE_REQUIRED_RELATION\', \'reason\': ""Relation text \'The coffee_cup must contain the mixed coff']",
kitchen,K6,trial_03,True,True,,True,,True,,4,2,1,False,PARTIAL,0,0,8,2,8,4,48.13,NO_MEANINGFUL_CANDIDATE_PLAN,FUNCTIONAL_ASSIGNMENT_FAILURE,,"({'group': 'coffee_stirring', 'tool': 'object_0007', 'target': 'object_0001', 'subject_id': 'object_0007', 'object_id': 'object_0001', 'predicate': 'INSERTABLE_IN', 'status': 'FALSE'}, {'group': 'coffee_stirring', 'tool': 'object_0008', 'target': 'object_0006', 'subject_id': 'object_0008', 'object_id': 'object_0006', 'predicate': 'REACHES_BOTTOM', 'status': 'FALSE'}, {'group': 'coffee_stirring', 'tool': 'object_0007', 'target': 'object_0004', 'subject_id': 'object_0007', 'object_id': 'object_0004', 'predicate': 'INSERTABLE_IN', 'status': 'FALSE'}, {'group': 'coffee_stirring', 'tool': 'object_0",5,True,INCOMPLETE,False,False,FUNCTIONAL_ASSIGNMENT_FAILURE,False,0,False,0,,,False,0,4,0,0.0,False,False,"['Sanitizer reported semantic incompleteness', ""Unresolved roles: [{'raw_role': {'id': 'soup_ingredient', 'entity_kind': 'OBJECT', 'function': 'Supplies soup liquid/base', 'required_count': 1, 'binding_policy': 'SHARED', 'candidate_categories': ['soup pot', 'can', 'container'], 'required_properties': ['contains soup liquid'], 'visible_candidates'"", ""Disabled/unsupported operations: [{'raw_group': {'id': 'set_soup', 'function': 'Place soup_bowl on service_surface', 'tool_role': 'service_surface', 'target_role': 'soup_bowl', 'context_role': None, 'required_target_count': 2, 'usage_policy': 'SEQUENTIAL_REUSE_ALLOWED', 'required_relations': [], 'co"", ""Unresolved required operations: [{'raw_group': {'id': 'set_soup', 'function': 'Place soup_bowl on service_surface', 'tool_role': 'service_surface', 'target_role': 'soup_bowl', 'context_role': None, 'required_target_count': 2, 'usage_policy': 'SEQUENTIAL_REUSE_ALLOWED', 'required_relations': [], 'con"", 'Unresolved required relations: [{\'raw_subject\': \'coffee_cup\', \'raw_phrase\': \'coffee_cup contains mixture of coffee_source and water_source\', \'raw_object\': \'coffee_source\', \'status\': \'UNINTERPRETABLE_REQUIRED_RELATION\', \'reason\': ""Relation text \'coffee_cup contains mixture of coffee_source and water_']",
kitchen,K7,trial_01,False,True,,True,,True,,2,1,0,False,PARTIAL,0,0,6,0,6,4,45.95,NO_MEANINGFUL_CANDIDATE_PLAN,OBJECT_DISCOVERY_FAILURE,,"('coffee_stirrer',)",5,True,INFEASIBLE,False,False,OBJECT_DISCOVERY_FAILURE,False,0,False,0,,,False,0,4,0,0.0,False,True,"['Sanitizer reported semantic incompleteness', ""Unresolved roles: [{'code': 'AMBIGUOUS_ROLE_MAPPING', 'raw_role': {'id': 'water', 'entity_kind': 'OBJECT', 'function': 'Liquid ingredient for making coffee.', 'required_count': 2, 'binding_policy': 'SHARED', 'candidate_categories': ['water', 'liquid'], 'required_properties': ['fluid'], 'visible_cand"", 'Unresolved required relations: [{\'raw_subject\': \'coffee_cup\', \'raw_phrase\': \'requires_and_contains\', \'raw_object\': \'coffee_powder\', \'status\': \'UNINTERPRETABLE_REQUIRED_RELATION\', \'reason\': ""Relation text \'requires_and_contains\' provides no semantic evidence for valid predicates [] or task causal sem']",
kitchen,K7,trial_02,False,True,,True,,True,,2,1,0,False,PARTIAL,0,0,7,1,9,3,50.23,NO_MEANINGFUL_CANDIDATE_PLAN,OBJECT_DISCOVERY_FAILURE,,"('water_source',)",5,True,INFEASIBLE,False,False,OBJECT_DISCOVERY_FAILURE,False,0,False,0,,,False,0,4,0,0.0,False,True,"['Sanitizer reported semantic incompleteness', ""Unresolved roles: [{'code': 'AMBIGUOUS_ROLE_MAPPING', 'raw_role': {'id': 'stirrer', 'entity_kind': 'OBJECT', 'function': 'Tool for mixing coffee', 'required_count': 2, 'binding_policy': 'DISTINCT', 'candidate_categories': ['spoon', 'stick'], 'required_properties': ['rigid'], 'visible_candidates': []"", ""Unresolved required operations: [{'id': 'operation_1', 'operation': 'mix', 'participant_roles': ['coffee_ingredient', 'water_ingredient', 'cup'], 'semantic_capability_candidates': ['STIR_COFFEE'], 'reason': 'NO_CAPABILITY_SIGNATURE_ACCEPTS_THESE_PARTICIPANTS'}]"", 'Unresolved required relations: [{\'raw_subject\': \'coffee_ingredient\', \'raw_phrase\': \'combine\', \'raw_object\': \'water_ingredient\', \'status\': \'UNINTERPRETABLE_REQUIRED_RELATION\', \'reason\': ""Relation text \'combine\' provides no semantic evidence for valid predicates [] or task causal semantics""}, {\'raw_su']",
kitchen,K7,trial_03,False,True,,True,,True,,2,1,1,False,PARTIAL,0,1,4,2,7,4,48.03,NO_MEANINGFUL_CANDIDATE_PLAN,OBJECT_DISCOVERY_FAILURE,,"('coffee_container', 'coffee_source', 'water_source')",5,True,INFEASIBLE,False,False,OBJECT_DISCOVERY_FAILURE,False,0,False,0,,,False,0,4,0,0.0,False,True,"['Sanitizer reported semantic incompleteness', ""Unresolved roles: [{'code': 'AMBIGUOUS_ROLE_MAPPING', 'raw_role': {'id': 'soup_source', 'entity_kind': 'OBJECT', 'function': 'Provides the soup food component', 'required_count': 2, 'binding_policy': 'DISTINCT', 'candidate_categories': ['soup can', 'soup pot', 'prepared soup'], 'required_properties'"", ""Disabled/unsupported operations: [{'raw_group': {'id': 'fill_soup', 'function': 'Put soup_source into soup_bowl', 'tool_role': 'soup_source', 'target_role': 'soup_bowl', 'context_role': None, 'required_target_count': 2, 'usage_policy': 'DEDICATED_PER_TARGET', 'required_relations': [], 'context_relat"", ""Unresolved required operations: [{'raw_group': {'id': 'fill_soup', 'function': 'Put soup_source into soup_bowl', 'tool_role': 'soup_source', 'target_role': 'soup_bowl', 'context_role': None, 'required_target_count': 2, 'usage_policy': 'DEDICATED_PER_TARGET', 'required_relations': [], 'context_relati"", 'Unresolved required relations: [{\'raw_subject\': \'coffee_cup\', \'raw_phrase\': \'coffee_cup contains coffee_source and water_source\', \'raw_object\': \'coffee_source\', \'status\': \'UNINTERPRETABLE_REQUIRED_RELATION\', \'reason\': ""Relation text \'coffee_cup contains coffee_source and water_source\' provides no se']",
kitchen,K8,trial_01,False,False,MalformedVLMSpecificationError: UNDECLARED_PARTICIPANT: operation_pairings[4] references ['Person'],False,,False,,0,0,0,False,,0,0,0,0,0,0,2.85,VLM_SPEC_FAILED,TASK_SPECIFICATION_FAILURE,MALFORMED_VLM_SPECIFICATION,UNDECLARED_PARTICIPANT: operation_pairings[4] references ['Person'],0,False,,False,False,,False,0,False,0,,,False,0,4,0,0.0,False,True,,
kitchen,K8,trial_02,False,True,,True,,True,,2,1,1,False,PARTIAL,0,1,4,1,6,4,48.51,NO_MEANINGFUL_CANDIDATE_PLAN,OBJECT_DISCOVERY_FAILURE,,"('soup_container',)",5,True,INFEASIBLE,False,False,OBJECT_DISCOVERY_FAILURE,False,0,False,0,,,False,0,4,0,0.0,False,True,"['Sanitizer reported semantic incompleteness', ""Unresolved roles: [{'raw_role': {'id': 'soup_ingredient', 'entity_kind': 'OBJECT', 'function': 'Liquid food served in a bowl', 'required_count': 2, 'binding_policy': 'DISTINCT', 'candidate_categories': ['soup', 'broth'], 'required_properties': ['liquid', 'edible'], 'visible_candidates': [], 'descrip"", ""Disabled/unsupported operations: [{'raw_group': {'id': 'stir_coffee', 'function': 'stir_coffee', 'tool_role': 'stirring_spoon', 'target_role': 'coffee_cup', 'context_role': None, 'required_target_count': 2, 'usage_policy': 'DEDICATED_PER_TARGET', 'required_relations': [], 'context_relations': [], 'v"", ""Unresolved required operations: [{'raw_group': {'id': 'stir_coffee', 'function': 'stir_coffee', 'tool_role': 'stirring_spoon', 'target_role': 'coffee_cup', 'context_role': None, 'required_target_count': 2, 'usage_policy': 'DEDICATED_PER_TARGET', 'required_relations': [], 'context_relations': [], 'v3"", ""Unresolved required relations: [{'raw_subject': 'coffee_cup', 'raw_phrase': 'contains', 'raw_object': 'coffee_ingredient', 'status': 'UNINTERPRETABLE_REQUIRED_RELATION', 'reason': 'Unresolved or context-only endpoint'}, {'raw_subject': 'coffee_cup', 'raw_phrase': 'contains', 'raw_object': 'water', '""]",
kitchen,K8,trial_03,False,True,,True,,True,,0,0,0,False,PARTIAL,0,0,5,0,5,1,60.91,NO_MEANINGFUL_CANDIDATE_PLAN,OBJECT_DISCOVERY_FAILURE,,NO_COMPLETE_FUNCTIONAL_WITNESS,5,True,INFEASIBLE,False,False,OBJECT_DISCOVERY_FAILURE,False,0,False,0,,,False,0,4,0,0.0,False,True,"['Sanitizer reported semantic incompleteness', ""Unresolved roles: [{'code': 'AMBIGUOUS_ROLE_MAPPING', 'raw_role': {'id': 'coffee_cup', 'entity_kind': 'OBJECT', 'function': 'Container for prepared coffee', 'required_count': 2, 'binding_policy': 'DISTINCT', 'candidate_categories': ['mug', 'cup', 'glass'], 'required_properties': ['hollow', 'heat res"", ""Unresolved required relations: [{'raw_subject': 'coffee_cup', 'raw_phrase': 'contains', 'raw_object': 'coffee_ingredient', 'status': 'UNINTERPRETABLE_REQUIRED_RELATION', 'reason': 'Unresolved or context-only endpoint'}, {'raw_subject': 'coffee_cup', 'raw_phrase': 'contains', 'raw_object': 'water', '""]",
kitchen,K9,trial_01,False,True,,True,,True,,2,1,0,False,PARTIAL,0,1,3,1,5,2,44.87,NO_MEANINGFUL_CANDIDATE_PLAN,OBJECT_DISCOVERY_FAILURE,,NO_COMPLETE_FUNCTIONAL_WITNESS,5,True,INFEASIBLE,False,False,OBJECT_DISCOVERY_FAILURE,False,0,False,0,,,False,0,4,0,0.0,False,True,"['Sanitizer reported semantic incompleteness', ""Unresolved roles: [{'raw_role': {'id': 'soup_source', 'entity_kind': 'OBJECT', 'function': 'Provides soup ingredient', 'required_count': 1, 'binding_policy': 'SHARED', 'candidate_categories': ['pot', 'bowl', 'container'], 'required_properties': ['contains_soup', 'pourable'], 'visible_candidates': [{"", ""Unresolved required operations: [{'id': 'prepare_coffee_mixture', 'operation': 'fill_and_mix', 'participant_roles': ['coffee_cup', 'coffee_source', 'water_source', 'stirring_utensil'], 'semantic_capability_candidates': ['TRANSFER_CONTENT_TO_CONTAINER'], 'reason': 'NO_CAPABILITY_SIGNATURE_ACCEPTS_THE"", 'Unresolved required relations: [{\'raw_subject\': \'coffee_cup\', \'raw_phrase\': \'contains\', \'raw_object\': \'coffee_source\', \'status\': \'UNINTERPRETABLE_REQUIRED_RELATION\', \'reason\': ""Relation text \'contains\' provides no semantic evidence for valid predicates [] or task causal semantics""}, {\'raw_subject\': ']",
kitchen,K9,trial_02,False,True,,True,,True,,4,2,0,False,PARTIAL,0,0,5,0,5,3,47.41,NO_MEANINGFUL_CANDIDATE_PLAN,FUNCTIONAL_ASSIGNMENT_FAILURE,,"({'group': 'coffee_stirring', 'tool': 'object_0006', 'target': 'object_0001', 'subject_id': 'object_0006', 'object_id': 'object_0001', 'predicate': 'INSERTABLE_IN', 'status': 'FALSE'}, {'group': 'coffee_stirring', 'tool': 'object_0007', 'target': 'object_0005', 'subject_id': 'object_0007', 'object_id': 'object_0005', 'predicate': 'REACHES_BOTTOM', 'status': 'FALSE'}, {'group': 'coffee_stirring', 'tool': 'object_0003', 'target': 'object_0001', 'subject_id': 'object_0003', 'object_id': 'object_0001', 'predicate': 'INSERTABLE_IN', 'status': 'FALSE'}, {'group': 'coffee_stirring', 'tool': 'object_0",5,True,INFEASIBLE,False,False,FUNCTIONAL_ASSIGNMENT_FAILURE,False,0,False,0,,,False,0,4,0,0.0,False,True,"['Sanitizer reported semantic incompleteness', ""Unresolved roles: [{'code': 'AMBIGUOUS_ROLE_MAPPING', 'raw_role': {'id': 'water_source', 'entity_kind': 'OBJECT', 'function': 'Source of liquid for coffee', 'required_count': 1, 'binding_policy': 'REUSABLE', 'candidate_categories': ['teapot', 'jug', 'bottle'], 'required_properties': ['contains_water"", 'Unresolved required relations: [{\'raw_subject\': \'coffee_cup\', \'raw_phrase\': \'contains_liquid_made_from\', \'raw_object\': \'coffee_beans\', \'status\': \'UNINTERPRETABLE_REQUIRED_RELATION\', \'reason\': ""Relation text \'contains_liquid_made_from\' provides no semantic evidence for valid predicates [] or task cau']",
kitchen,K9,trial_03,False,True,,True,,True,,4,2,1,False,PARTIAL,1,1,4,1,12,7,44.17,NO_MEANINGFUL_CANDIDATE_PLAN,FUNCTIONAL_ASSIGNMENT_FAILURE,,NO_COMPLETE_FUNCTIONAL_WITNESS,5,True,INFEASIBLE,False,False,FUNCTIONAL_ASSIGNMENT_FAILURE,False,0,False,0,,,False,0,4,0,0.0,False,True,"['Sanitizer reported semantic incompleteness', ""Unresolved roles: [{'code': 'AMBIGUOUS_ROLE_MAPPING', 'raw_role': {'id': 'eating_utensil', 'entity_kind': 'OBJECT', 'function': 'Tool for eating the soup', 'required_count': 2, 'binding_policy': 'DISTINCT', 'candidate_categories': ['spoon', 'fork', 'chopsticks'], 'required_properties': ['handle', 't"", ""Disabled/unsupported operations: [{'raw_group': {'id': 'pair_soup', 'function': 'place', 'tool_role': 'eating_utensil', 'target_role': 'soup_bowl', 'context_role': None, 'required_target_count': 2, 'usage_policy': 'DEDICATED_PER_TARGET', 'required_relations': [], 'context_relations': [], 'v3_slot_as"", ""Unresolved required operations: [{'raw_group': {'id': 'pair_soup', 'function': 'place', 'tool_role': 'eating_utensil', 'target_role': 'soup_bowl', 'context_role': None, 'required_target_count': 2, 'usage_policy': 'DEDICATED_PER_TARGET', 'required_relations': [], 'context_relations': [], 'v3_slot_ass"", 'Unresolved required relations: [{\'raw_subject\': \'coffee_beverage\', \'raw_phrase\': \'mixed_with\', \'raw_object\': \'coffee_ingredient\', \'status\': \'UNINTERPRETABLE_REQUIRED_RELATION\', \'reason\': ""Relation text \'mixed_with\' provides no semantic evidence for valid predicates [] or task causal semantics""}, {\'r']",
living_room,L10,trial_01,False,True,,True,,True,,0,1,1,False,PARTIAL,0,0,0,0,2,2,11.47,INFEASIBLE,OBJECT_DISCOVERY_FAILURE,,"('CUP_SAUCER_SET', 'PERSONAL_CUP_SAUCER_REGION')",0,True,INFEASIBLE,False,False,OBJECT_DISCOVERY_FAILURE,False,0,False,0,,,False,0,3,0,0.0,False,True,"[""Disabled/unsupported operations: [{'raw_group': {'id': 'position_control', 'function': 'Place the entertainment control on the surface.', 'tool_role': 'surface', 'target_role': 'entertainment_control', 'context_role': None, 'required_target_count': 1, 'usage_policy': 'SEQUENTIAL_REUSE_ALLOWED', 'req""]",
living_room,L10,trial_02,False,True,,True,,True,,0,0,0,False,FULL,2,0,2,0,0,2,11.52,INFEASIBLE,FUNCTIONAL_ASSIGNMENT_FAILURE,,NO_GLOBAL_REGION_ASSIGNMENT,0,True,INFEASIBLE,False,False,FUNCTIONAL_ASSIGNMENT_FAILURE,False,0,False,0,,,False,0,3,0,0.0,False,True,"[""Unresolved required relations: [{'id': 'refreshment_proximity', 'relation': 'is_near', 'participant_roles': ['refreshment_setting', 'seating'], 'reason': 'NO_LEGAL_ORIENTATION_FOR_PARTICIPANTS'}, {'id': 'remote_accessibility', 'relation': 'is_accessible_to', 'participant_roles': ['entertainment_cont""]",
living_room,L10,trial_03,False,True,,True,,True,,0,1,1,False,PARTIAL,0,0,0,0,2,2,11.15,INFEASIBLE,OBJECT_DISCOVERY_FAILURE,,"('CUP_SAUCER_SET', 'PERSONAL_CUP_SAUCER_REGION')",0,True,INFEASIBLE,False,False,OBJECT_DISCOVERY_FAILURE,False,0,False,0,,,False,0,3,0,0.0,False,True,"[""Unresolved roles: [{'raw_role': {'id': 'seat', 'entity_kind': 'OBJECT', 'function': 'A piece of furniture for a person to sit on while watching television.', 'required_count': 2, 'binding_policy': 'DISTINCT', 'candidate_categories': ['chair', 'armchair', 'sofa'], 'required_properties': [], 'visible_"", ""Disabled/unsupported operations: [{'raw_group': {'id': 'move_control', 'function': 'move_entertainment_control', 'tool_role': 'surface', 'target_role': 'entertainment_control', 'context_role': None, 'required_target_count': 1, 'usage_policy': 'DEDICATED_PER_TARGET', 'required_relations': [], 'contex""]",
living_room,L1,trial_01,True,True,,True,,True,,0,1,1,False,PARTIAL,0,0,2,0,0,2,16.33,NO_MEANINGFUL_CANDIDATE_PLAN,FUNCTIONAL_ASSIGNMENT_FAILURE,,UNINSTANTIABLE_MISSING_RELATION: no expressed verified placement requirement,0,True,COMPLETE,True,True,,False,0,False,0,,,False,0,3,0,0.0,False,False,"[""Disabled/unsupported operations: [{'raw_group': {'id': 'relocate_control', 'function': 'move_entertainment_control', 'tool_role': 'seating_area', 'target_role': 'entertainment_control', 'context_role': None, 'required_target_count': 1, 'usage_policy': 'DEDICATED_PER_TARGET', 'required_relations': []"", ""Unresolved required relations: [{'id': 'setting_near_seat', 'relation': 'is_adjacent_to', 'participant_roles': ['refreshment_setting', 'seating_area'], 'reason': 'NO_LEGAL_ORIENTATION_FOR_PARTICIPANTS'}, {'id': 'control_accessible', 'relation': 'is_within_reach_of', 'participant_roles': ['entertainm""]",
living_room,L1,trial_02,True,True,,True,,True,,0,1,0,False,FULL,0,0,1,1,1,1,15.32,INFEASIBLE,FUNCTIONAL_ASSIGNMENT_FAILURE,,NO_GLOBAL_REGION_ASSIGNMENT,0,True,INFEASIBLE,False,False,FUNCTIONAL_ASSIGNMENT_FAILURE,False,0,False,0,,,False,0,3,0,0.0,False,False,"[""Unresolved required operations: [{'id': 'place_control', 'operation': 'place', 'participant_roles': ['entertainment_control', 'surface'], 'semantic_capability_candidates': ['SUPPORT_DRINKWARE', 'SUPPORT_ENTERTAINMENT_CONTROL'], 'reason': 'NO_CAPABILITY_SIGNATURE_ACCEPTS_THESE_PARTICIPANTS'}]"", ""Unresolved required relations: [{'id': 'control_accessible_to_seating', 'relation': 'accessible_to', 'participant_roles': ['entertainment_control', 'seating_area'], 'reason': 'NO_LEGAL_ORIENTATION_FOR_PARTICIPANTS'}]""]",
living_room,L1,trial_03,True,True,,True,,True,,0,1,1,False,PARTIAL,0,0,2,0,0,2,13.97,NO_MEANINGFUL_CANDIDATE_PLAN,FUNCTIONAL_ASSIGNMENT_FAILURE,,UNINSTANTIABLE_MISSING_RELATION: no expressed verified placement requirement,0,True,COMPLETE,True,True,,False,0,False,0,,,False,0,3,0,0.0,False,False,"[""Disabled/unsupported operations: [{'raw_group': {'id': 'relocate_control', 'function': 'move', 'tool_role': 'seating_area', 'target_role': 'entertainment_control', 'context_role': None, 'required_target_count': 1, 'usage_policy': 'SEQUENTIAL_REUSE_ALLOWED', 'required_relations': [], 'context_relatio"", ""Unresolved required relations: [{'id': 'setting_proximity', 'relation': 'is_near', 'participant_roles': ['refreshment_setting', 'seating_area'], 'reason': 'NO_LEGAL_ORIENTATION_FOR_PARTICIPANTS'}, {'id': 'control_accessibility', 'relation': 'is_accessible_to', 'participant_roles': ['entertainment_co""]",
living_room,L2,trial_01,True,True,,True,,True,,0,1,1,False,PARTIAL,0,0,2,0,0,2,14.94,NO_MEANINGFUL_CANDIDATE_PLAN,FUNCTIONAL_ASSIGNMENT_FAILURE,,UNINSTANTIABLE_MISSING_RELATION: no expressed verified placement requirement,0,True,COMPLETE,True,True,,False,0,False,0,,,False,0,3,0,0.0,False,False,"[""Disabled/unsupported operations: [{'raw_group': {'id': 'position_control', 'function': 'Place the entertainment control where it is accessible to both people', 'tool_role': 'seating_area', 'target_role': 'entertainment_control', 'context_role': None, 'required_target_count': 1, 'usage_policy': 'SEQU"", ""Unresolved required relations: [{'id': 'refreshment_placement', 'relation': 'near', 'participant_roles': ['refreshment_setting', 'seating_area'], 'reason': 'NO_LEGAL_ORIENTATION_FOR_PARTICIPANTS'}, {'id': 'control_accessibility', 'relation': 'accessible_to', 'participant_roles': ['entertainment_cont""]",
living_room,L2,trial_02,True,False,MalformedVLMSpecificationError: V3 schema validation failed: 'schema_version' is a required property,False,,False,,0,0,0,False,,0,0,0,0,0,0,0.27,VLM_SPEC_FAILED,TASK_SPECIFICATION_FAILURE,SANITIZER_UNRECOVERABLE,No meaningful functional roles recovered,0,False,,False,False,,False,0,False,0,,,False,0,3,0,0.0,False,False,,
living_room,L2,trial_03,True,True,,True,,True,,0,2,0,False,FULL,0,0,1,0,3,2,14.06,ACTION_SEQUENCE_READY,SUCCESS,,,0,True,COMPLETE,True,True,,True,1,True,6,VALID,GOAL_SATISFIED,True,0,3,2,0.6667,False,False,"[""Unresolved required relations: [{'id': 'control_accessible_to_chairs', 'relation': 'is accessible to', 'participant_roles': ['entertainment_control', 'armchair'], 'reason': 'NO_LEGAL_ORIENTATION_FOR_PARTICIPANTS'}]""]",
living_room,L3,trial_01,True,False,MalformedVLMSpecificationError: V3 schema validation failed: 'schema_version' is a required property,False,,False,,0,0,0,False,,0,0,0,0,0,0,0.31,VLM_SPEC_FAILED,TASK_SPECIFICATION_FAILURE,SANITIZER_UNRECOVERABLE,No meaningful functional roles recovered,0,False,,False,False,,False,0,False,0,,,False,0,3,0,0.0,False,False,,
living_room,L3,trial_02,True,False,MalformedVLMSpecificationError: V3 schema validation failed: 'schema_version' is a required property,False,,False,,0,0,0,False,,0,0,0,0,0,0,0.25,VLM_SPEC_FAILED,TASK_SPECIFICATION_FAILURE,SANITIZER_UNRECOVERABLE,No meaningful functional roles recovered,0,False,,False,False,,False,0,False,0,,,False,0,3,0,0.0,False,False,,
living_room,L3,trial_03,True,True,,True,,True,,0,1,1,False,PARTIAL,0,0,1,1,1,2,13.52,INCOMPLETE,FUNCTIONAL_ASSIGNMENT_FAILURE,,"('REMOTE',)",0,True,INCOMPLETE,False,False,FUNCTIONAL_ASSIGNMENT_FAILURE,False,0,False,0,,,False,0,3,0,0.0,False,False,"[""Unresolved roles: [{'code': 'AMBIGUOUS_ROLE_MAPPING', 'raw_role': {'id': 'entertainment_control', 'entity_kind': 'OBJECT', 'function': 'A device to operate the television.', 'required_count': 1, 'binding_policy': 'REUSABLE', 'candidate_categories': ['remote', 'controller'], 'required_properties': ['"", ""Disabled/unsupported operations: [{'raw_group': {'id': 'position_remote', 'function': 'place', 'tool_role': 'surface', 'target_role': 'entertainment_control', 'context_role': None, 'required_target_count': 1, 'usage_policy': 'DEDICATED_PER_TARGET', 'required_relations': [], 'context_relations': [], "", ""Unresolved required operations: [{'raw_group': {'id': 'position_remote', 'function': 'place', 'tool_role': 'surface', 'target_role': 'entertainment_control', 'context_role': None, 'required_target_count': 1, 'usage_policy': 'DEDICATED_PER_TARGET', 'required_relations': [], 'context_relations': [], '"", ""Unresolved required relations: [{'id': 'surface_near_chair', 'relation': 'near', 'participant_roles': ['surface', 'chair'], 'reason': 'NO_LEGAL_ORIENTATION_FOR_PARTICIPANTS'}]""]",
living_room,L4,trial_01,True,True,,True,,True,,0,1,0,False,FULL,0,0,2,1,0,1,13.81,NO_MEANINGFUL_CANDIDATE_PLAN,FUNCTIONAL_ASSIGNMENT_FAILURE,,UNINSTANTIABLE_MISSING_RELATION: no expressed verified placement requirement,0,True,COMPLETE,True,True,,False,0,False,0,,,False,0,3,0,0.0,False,False,"[""Unresolved required operations: [{'id': 'place_refreshment_setting', 'operation': 'Place Refreshment Setting.', 'participant_roles': ['refreshment_setting', 'seating_area'], 'semantic_capability_candidates': ['SUPPORT_DRINKWARE'], 'reason': 'NO_CAPABILITY_SIGNATURE_ACCEPTS_THESE_PARTICIPANTS'}]"", ""Unresolved required relations: [{'id': 'refreshment_setting_nearby_seating', 'relation': 'Refreshment Setting is nearby the Seating Area.', 'participant_roles': ['refreshment_setting', 'seating_area'], 'reason': 'NO_LEGAL_ORIENTATION_FOR_PARTICIPANTS'}, {'id': 'entertainment_control_accessible', 're""]",
living_room,L4,trial_02,True,True,,True,,True,,0,1,1,False,PARTIAL,0,0,2,0,2,2,14.32,ACTION_SEQUENCE_READY,SUCCESS,,,0,True,COMPLETE,True,True,,True,1,True,8,VALID,GOAL_SATISFIED,True,0,3,2,0.6667,False,False,"[""Disabled/unsupported operations: [{'raw_group': {'id': 'position_control', 'function': 'move_to', 'tool_role': 'surface', 'target_role': 'entertainment_control', 'context_role': None, 'required_target_count': 1, 'usage_policy': 'DEDICATED_PER_TARGET', 'required_relations': [], 'context_relations': ["", ""Unresolved required relations: [{'id': 'refreshment_near_seating', 'relation': 'is_near', 'participant_roles': ['refreshment_set', 'chair'], 'reason': 'NO_LEGAL_ORIENTATION_FOR_PARTICIPANTS'}, {'id': 'control_accessible_to_seating', 'relation': 'is_within_reach_of', 'participant_roles': ['entertainm""]",
living_room,L4,trial_03,True,True,,True,,True,,0,0,1,False,PARTIAL,0,0,1,2,1,1,13.76,NO_MEANINGFUL_CANDIDATE_PLAN,FUNCTIONAL_ASSIGNMENT_FAILURE,,UNINSTANTIABLE_MISSING_RELATION: no expressed verified placement requirement,0,True,COMPLETE,True,True,,False,0,False,0,,,False,0,3,0,0.0,False,False,"[""Unresolved roles: [{'code': 'AMBIGUOUS_ROLE_MAPPING', 'raw_role': {'id': 'seating', 'entity_kind': 'OBJECT', 'function': 'Provides place to sit', 'required_count': 2, 'binding_policy': 'DISTINCT', 'candidate_categories': ['chair', 'sofa', 'armchair'], 'required_properties': ['supportive', 'upright']"", ""Disabled/unsupported operations: [{'raw_group': {'id': 'op_002', 'function': 'Place Entertainment Control near Seating', 'tool_role': 'seating', 'target_role': 'entertainment_control', 'context_role': None, 'required_target_count': 1, 'usage_policy': 'DEDICATED_PER_TARGET', 'required_relations': [],"", ""Unresolved required operations: [{'raw_group': {'id': 'op_002', 'function': 'Place Entertainment Control near Seating', 'tool_role': 'seating', 'target_role': 'entertainment_control', 'context_role': None, 'required_target_count': 1, 'usage_policy': 'DEDICATED_PER_TARGET', 'required_relations': [], "", 'Unresolved required relations: [{\'raw_subject\': \'refreshment_setting\', \'raw_phrase\': \'supported_by\', \'raw_object\': \'surface\', \'status\': \'UNINTERPRETABLE_REQUIRED_RELATION\', \'reason\': ""Relation text \'supported_by\' provides no semantic evidence for valid predicates [] or task causal semantics""}]']",
living_room,L5,trial_01,True,True,,True,,True,,0,0,0,False,PARTIAL,0,0,1,1,1,1,13.76,INFEASIBLE,FUNCTIONAL_ASSIGNMENT_FAILURE,,NO_GLOBAL_REGION_ASSIGNMENT,0,True,INFEASIBLE,False,False,FUNCTIONAL_ASSIGNMENT_FAILURE,False,0,False,0,,,False,0,3,0,0.0,False,False,"['Sanitizer reported semantic incompleteness', ""Unresolved required operations: [{'id': 'place_control', 'operation': 'Place entertainment_control on surface', 'participant_roles': ['entertainment_control', 'surface'], 'semantic_capability_candidates': ['SUPPORT_ENTERTAINMENT_CONTROL'], 'reason': 'NO_CAPABILITY_SIGNATURE_ACCEPTS_THESE_PARTICIPANT"", ""Unresolved required relations: [{'id': 'control_accessible_seating', 'relation': 'entertainment_control is accessible to seating_target', 'participant_roles': ['entertainment_control', 'seating_target'], 'reason': 'NO_LEGAL_ORIENTATION_FOR_PARTICIPANTS'}]""]",
living_room,L5,trial_02,True,True,,True,,True,,0,2,0,True,FULL,0,0,0,0,2,2,14.17,NO_MEANINGFUL_CANDIDATE_PLAN,FUNCTIONAL_ASSIGNMENT_FAILURE,,UNINSTANTIABLE_MISSING_RELATION: no expressed verified placement requirement,0,True,COMPLETE,True,True,,False,0,False,0,,,False,0,3,0,0.0,False,False,[],
living_room,L5,trial_03,True,True,,True,,True,,0,0,0,False,PARTIAL,0,0,8,1,8,1,13.1,NO_MEANINGFUL_CANDIDATE_PLAN,FUNCTIONAL_ASSIGNMENT_FAILURE,,UNINSTANTIABLE_MISSING_RELATION: no expressed verified placement requirement,0,True,COMPLETE,True,True,,False,0,False,0,,,False,0,3,0,0.0,False,False,"['Sanitizer reported semantic incompleteness', ""Unresolved roles: [{'code': 'AMBIGUOUS_ROLE_MAPPING', 'raw_role': {'id': 'food_vessel', 'entity_kind': 'OBJECT', 'function': 'Holds food for consumption', 'required_count': 2, 'binding_policy': 'DISTINCT', 'candidate_categories': ['plate', 'bowl'], 'required_properties': ['holds food'], 'visible_can"", ""Unresolved required operations: [{'id': 'position_remote', 'operation': 'place_item_on_surface', 'participant_roles': ['entertainment_controller', 'placement_surface'], 'semantic_capability_candidates': ['SUPPORT_DRINKWARE', 'SUPPORT_ENTERTAINMENT_CONTROL'], 'reason': 'NO_CAPABILITY_SIGNATURE_ACCEPT"", ""Unresolved required relations: [{'raw_subject': 'drink_vessel', 'raw_phrase': 'complementary_pair', 'raw_object': 'food_vessel', 'status': 'UNINTERPRETABLE_REQUIRED_RELATION', 'reason': 'Unresolved or context-only endpoint'}, {'raw_subject': 'drink_vessel', 'raw_phrase': 'spatial_support', 'raw_obje""]",
living_room,L6,trial_01,True,True,,True,,True,,0,1,0,False,PARTIAL,0,0,1,1,2,1,13.56,NO_MEANINGFUL_CANDIDATE_PLAN,FUNCTIONAL_ASSIGNMENT_FAILURE,,UNINSTANTIABLE_MISSING_RELATION: no expressed verified placement requirement,0,True,COMPLETE,True,True,,False,0,False,0,,,False,0,3,0,0.0,False,False,"[""Unresolved required operations: [{'id': 'place_entertainment_control', 'operation': 'move_and_place', 'participant_roles': ['entertainment_control', 'surface'], 'semantic_capability_candidates': ['SUPPORT_DRINKWARE', 'SUPPORT_ENTERTAINMENT_CONTROL'], 'reason': 'NO_CAPABILITY_SIGNATURE_ACCEPTS_THESE_"", 'Unresolved required relations: [{\'raw_subject\': \'entertainment_control\', \'raw_phrase\': \'is located on\', \'raw_object\': \'surface\', \'status\': \'UNINTERPRETABLE_REQUIRED_RELATION\', \'reason\': ""Relation text \'is located on\' provides no semantic evidence for valid predicates [] or task causal semantics""}]']",
living_room,L6,trial_02,True,True,,True,,True,,0,1,1,False,PARTIAL,0,0,2,0,1,2,14.27,NO_MEANINGFUL_CANDIDATE_PLAN,FUNCTIONAL_ASSIGNMENT_FAILURE,,UNINSTANTIABLE_MISSING_RELATION: no expressed verified placement requirement,0,True,COMPLETE,True,True,,False,0,False,0,,,False,0,3,0,0.0,False,False,"[""Disabled/unsupported operations: [{'raw_group': {'id': 'move_control', 'function': 'place entertainment_control onto surface', 'tool_role': 'surface', 'target_role': 'entertainment_control', 'context_role': None, 'required_target_count': 1, 'usage_policy': 'SEQUENTIAL_REUSE_ALLOWED', 'required_relat"", ""Unresolved required relations: [{'id': 'refreshment_near_surface', 'relation': 'refreshment_setting is near surface', 'participant_roles': ['refreshment_setting', 'surface'], 'reason': 'NO_LEGAL_ORIENTATION_FOR_PARTICIPANTS'}, {'id': 'control_accessible', 'relation': 'entertainment_control is access""]",
living_room,L6,trial_03,True,True,,True,,True,,0,1,0,False,PARTIAL,0,0,2,0,3,1,12.96,INFEASIBLE,OBJECT_DISCOVERY_FAILURE,,"('CUP_SAUCER_SET',)",0,True,INFEASIBLE,False,False,OBJECT_DISCOVERY_FAILURE,False,0,False,0,,,False,0,3,0,0.0,False,False,"[""Unresolved roles: [{'code': 'AMBIGUOUS_ROLE_MAPPING', 'raw_role': {'id': 'accessible_surface', 'entity_kind': 'REGION', 'function': 'location within reach of all people', 'required_count': 1, 'binding_policy': 'SHARED', 'candidate_categories': ['table', 'desk', 'side_table'], 'required_properties': "", 'Unresolved required relations: [{\'raw_subject\': \'refreshment_setting\', \'raw_phrase\': \'provided_to\', \'raw_object\': \'person\', \'status\': \'UNINTERPRETABLE_REQUIRED_RELATION\', \'reason\': ""Relation text \'provided_to\' provides no semantic evidence for valid predicates [] or task causal semantics""}, {\'raw_su']",
living_room,L7,trial_01,False,True,,True,,True,,0,1,0,True,FULL,0,0,0,0,1,1,12.76,NO_MEANINGFUL_CANDIDATE_PLAN,FUNCTIONAL_ASSIGNMENT_FAILURE,,UNINSTANTIABLE_MISSING_RELATION: no expressed verified placement requirement,0,True,COMPLETE,True,True,,False,0,False,0,,,False,0,3,0,0.0,False,True,[],
living_room,L7,trial_02,False,True,,True,,True,,0,1,1,False,PARTIAL,0,0,0,0,0,2,13.23,NO_MEANINGFUL_CANDIDATE_PLAN,FUNCTIONAL_ASSIGNMENT_FAILURE,,UNINSTANTIABLE_MISSING_RELATION: no expressed verified placement requirement,0,True,COMPLETE,True,True,,False,0,False,0,,,False,0,3,0,0.0,False,True,"[""Disabled/unsupported operations: [{'raw_group': {'id': 'position_remote', 'function': 'place remote_control on surface', 'tool_role': 'surface', 'target_role': 'remote_control', 'context_role': None, 'required_target_count': 1, 'usage_policy': 'SEQUENTIAL_REUSE_ALLOWED', 'required_relations': [], 'c""]",
living_room,L7,trial_03,False,False,MalformedVLMSpecificationError: DUPLICATE_RELATION_PARTICIPANT: functional_relations[1],False,,False,,0,0,0,False,,0,0,0,0,0,0,0.27,VLM_SPEC_FAILED,TASK_SPECIFICATION_FAILURE,MALFORMED_VLM_SPECIFICATION,DUPLICATE_RELATION_PARTICIPANT: functional_relations[1],0,False,,False,False,,False,0,False,0,,,False,0,3,0,0.0,False,True,,
living_room,L8,trial_01,False,True,,True,,True,,0,1,1,False,PARTIAL,0,0,0,0,2,2,12.44,NO_MEANINGFUL_CANDIDATE_PLAN,FUNCTIONAL_ASSIGNMENT_FAILURE,,UNINSTANTIABLE_MISSING_RELATION: no expressed verified placement requirement,0,True,COMPLETE,True,True,,False,0,False,0,,,False,0,3,0,0.0,False,True,"[""Disabled/unsupported operations: [{'raw_group': {'id': 'place_control', 'function': 'Place entertainment_control on surface', 'tool_role': 'surface', 'target_role': 'entertainment_control', 'context_role': None, 'required_target_count': 1, 'usage_policy': 'SEQUENTIAL_REUSE_ALLOWED', 'required_relati""]",
living_room,L8,trial_02,False,False,MalformedVLMSpecificationError: DUPLICATE_RELATION_PARTICIPANT: functional_relations[2],False,,False,,0,0,0,False,,0,0,0,0,0,0,0.32,VLM_SPEC_FAILED,TASK_SPECIFICATION_FAILURE,MALFORMED_VLM_SPECIFICATION,DUPLICATE_RELATION_PARTICIPANT: functional_relations[2],0,False,,False,False,,False,0,False,0,,,False,0,3,0,0.0,False,True,,
living_room,L8,trial_03,False,True,,True,,True,,0,0,0,False,PARTIAL,0,0,0,0,0,0,12.38,NO_MEANINGFUL_CANDIDATE_PLAN,FUNCTIONAL_ASSIGNMENT_FAILURE,,UNINSTANTIABLE_MISSING_RELATION: no expressed verified placement requirement,0,True,COMPLETE,True,True,,False,0,False,0,,,False,0,3,0,0.0,False,True,"[""Unresolved roles: [{'raw_role': {'id': 'person', 'entity_kind': 'OBJECT', 'function': 'Receiver of refreshments and viewer of television', 'required_count': 2, 'binding_policy': 'DISTINCT', 'candidate_categories': ['human'], 'required_properties': [], 'visible_candidates': [], 'description': ''}, 's""]",
living_room,L9,trial_01,False,False,MalformedVLMSpecificationError: DUPLICATE_RELATION_PARTICIPANT: functional_relations[2],False,,False,,0,0,0,False,,0,0,0,0,0,0,0.27,VLM_SPEC_FAILED,TASK_SPECIFICATION_FAILURE,MALFORMED_VLM_SPECIFICATION,DUPLICATE_RELATION_PARTICIPANT: functional_relations[2],0,False,,False,False,,False,0,False,0,,,False,0,3,0,0.0,False,True,,
living_room,L9,trial_02,False,False,MalformedVLMSpecificationError: V3 schema validation failed: 'schema_version' is a required property,False,,False,,0,0,0,False,,0,0,0,0,0,0,0.3,VLM_SPEC_FAILED,TASK_SPECIFICATION_FAILURE,SANITIZER_UNRECOVERABLE,No meaningful functional roles recovered,0,False,,False,False,,False,0,False,0,,,False,0,3,0,0.0,False,True,,
living_room,L9,trial_03,False,True,,True,,True,,0,1,0,False,FULL,0,0,1,1,1,1,11.87,INFEASIBLE,FUNCTIONAL_ASSIGNMENT_FAILURE,,NO_GLOBAL_REGION_ASSIGNMENT,0,True,INFEASIBLE,False,False,FUNCTIONAL_ASSIGNMENT_FAILURE,False,0,False,0,,,False,0,3,0,0.0,False,True,"[""Unresolved required operations: [{'id': 'operation_2', 'operation': 'place', 'participant_roles': ['entertainment_control', 'surface'], 'semantic_capability_candidates': ['SUPPORT_DRINKWARE', 'SUPPORT_ENTERTAINMENT_CONTROL'], 'reason': 'NO_CAPABILITY_SIGNATURE_ACCEPTS_THESE_PARTICIPANTS'}]"", ""Unresolved required relations: [{'id': 'relation_2', 'relation': 'accessible_from', 'participant_roles': ['entertainment_control', 'seating_area'], 'reason': 'NO_LEGAL_ORIENTATION_FOR_PARTICIPANTS'}]""]",
workshop,W10,trial_01,False,True,,True,,True,,0,0,0,False,PARTIAL,0,0,2,0,5,1,32.75,PARTIAL_ACTION_SEQUENCE_READY,PLANNING_FAILURE,,,3,True,COMPLETE,True,True,,False,1,True,2,VALID,PARTIAL_GOAL_SATISFIED,False,0,3,1,0.3333,False,True,"['Unresolved required relations: [{\'raw_subject\': \'fastening_tool\', \'raw_phrase\': \'The fastening tool is used to install the fastener.\', \'raw_object\': \'fastener\', \'status\': \'UNINTERPRETABLE_REQUIRED_RELATION\', \'reason\': ""Relation text \'The fastening tool is used to install the fastener.\' provides no s']",
workshop,W10,trial_02,False,False,MalformedVLMSpecificationError: DUPLICATE_RELATION_PARTICIPANT: functional_relations[1],False,,False,,0,0,0,False,,0,0,0,0,0,0,0.86,VLM_SPEC_FAILED,TASK_SPECIFICATION_FAILURE,MALFORMED_VLM_SPECIFICATION,DUPLICATE_RELATION_PARTICIPANT: functional_relations[1],0,False,,False,False,,False,0,False,0,,,False,0,3,0,0.0,False,True,,
workshop,W10,trial_03,False,True,,True,,True,,0,0,0,False,PARTIAL,0,0,0,0,3,1,32.67,PARTIAL_ACTION_SEQUENCE_READY,PLANNING_FAILURE,,,3,True,COMPLETE,True,True,,False,1,True,2,VALID,PARTIAL_GOAL_SATISFIED,False,0,3,1,0.3333,False,True,['Sanitizer reported semantic incompleteness'],
workshop,W1,trial_01,True,True,,True,,True,,3,1,0,False,PARTIAL,0,1,5,0,7,2,60.92,INFEASIBLE,FUNCTIONAL_ASSIGNMENT_FAILURE,,"REACHES_TARGET, COMPATIBLE_WITH_TARGET, REACHES_TARGET(None, None), COMPATIBLE_WITH_TARGET(None, None), COMPATIBLE_WITH_TARGET(None, None), REACHES_TARGET(None, None), COMPATIBLE_WITH_TARGET(None, None), COMPATIBLE_WITH_TARGET(None, None)",3,True,INFEASIBLE,False,False,,False,0,False,0,,,False,0,3,0,0.0,False,False,"[""Unresolved roles: [{'code': 'AMBIGUOUS_ROLE_MAPPING', 'raw_role': {'id': 'marked_location', 'entity_kind': 'FIXED_TARGET', 'function': 'Specific spot on workbench for fastening.', 'required_count': 1, 'binding_policy': 'SHARED', 'candidate_categories': ['spot', 'area'], 'required_properties': ['acce"", ""Unresolved required relations: [{'raw_subject': 'fastener', 'raw_phrase': 'fastener connects to workpiece at marked_location', 'raw_object': 'marked_location', 'status': 'UNINTERPRETABLE_REQUIRED_RELATION', 'reason': 'Unresolved or context-only endpoint'}, {'raw_subject': 'tool', 'raw_phrase': 'tool""]",
workshop,W1,trial_02,True,True,,True,,True,,0,0,0,False,PARTIAL,0,0,2,0,2,0,14.51,ACTION_SEQUENCE_READY,SUCCESS,,,1,True,COMPLETE,True,True,,True,1,True,2,VALID,GOAL_SATISFIED,True,0,3,1,0.3333,False,False,"[""Unresolved roles: [{'raw_role': {'id': 'compatible_component', 'entity_kind': 'OBJECT', 'function': 'Provides the physical material to be fastened.', 'required_count': 1, 'binding_policy': 'SHARED', 'candidate_categories': ['screw', 'bolt', 'plug', 'part'], 'required_properties': ['fits the marked w"", ""Unresolved required relations: [{'raw_subject': 'compatible_component', 'raw_phrase': 'compatible_component fits onto workbench', 'raw_object': 'workbench', 'status': 'UNINTERPRETABLE_REQUIRED_RELATION', 'reason': 'Unresolved or context-only endpoint'}, {'raw_subject': 'fastening_tool', 'raw_phrase'""]",
workshop,W1,trial_03,True,True,,True,,True,,0,0,0,False,PARTIAL,0,0,1,0,3,1,11.87,ACTION_SEQUENCE_READY,SUCCESS,,,1,True,COMPLETE,True,True,,True,1,True,2,VALID,GOAL_SATISFIED,True,0,3,1,0.3333,False,False,"[""Unresolved roles: [{'raw_role': {'id': 'compatible_component', 'entity_kind': 'OBJECT', 'function': 'The physical part that needs to be fastened.', 'required_count': 1, 'binding_policy': 'DISTINCT', 'candidate_categories': ['screw', 'bolt', 'nut', 'bracket'], 'required_properties': ['part', 'fits ta"", ""Unresolved required relations: [{'raw_subject': 'compatible_component', 'raw_phrase': 'The compatible component must be at the marked location.', 'raw_object': 'marked_workbench_location', 'status': 'UNINTERPRETABLE_REQUIRED_RELATION', 'reason': 'Unresolved or context-only endpoint'}]""]",
workshop,W2,trial_01,True,True,,True,,True,,0,0,0,False,PARTIAL,0,0,1,0,5,0,58.82,INFEASIBLE,FUNCTIONAL_ASSIGNMENT_FAILURE,,"fastener, fastener",3,True,INFEASIBLE,False,False,,False,0,False,0,,,False,0,3,0,0.0,False,False,"['Unresolved required relations: [{\'raw_subject\': \'fastening_tool\', \'raw_phrase\': \'fastening_tool secures fastening_component to fastening_location\', \'raw_object\': \'fastening_component\', \'status\': \'UNINTERPRETABLE_REQUIRED_RELATION\', \'reason\': ""Relation text \'fastening_tool secures fastening_component']",
workshop,W2,trial_02,True,True,,True,,False,MalformedVLMSpecificationError: Role 'MAIN_WORKBENCH_ZONE' is a planner context constant and must not appear as a G_F role in domain 'workshop',0,0,0,False,,0,0,0,0,2,2,0.93,VLM_SPEC_FAILED,TASK_SPECIFICATION_FAILURE,MALFORMED_VLM_SPECIFICATION,Role 'MAIN_WORKBENCH_ZONE' is a planner context constant and must not appear as a G_F role in domain 'workshop',0,False,,False,False,,False,0,False,0,,,False,0,3,0,0.0,False,False,,
workshop,W2,trial_03,True,True,,True,,False,MalformedVLMSpecificationError: Role 'MAIN_WORKBENCH_ZONE' is a planner context constant and must not appear as a G_F role in domain 'workshop',0,0,0,False,,0,0,0,0,5,1,0.96,VLM_SPEC_FAILED,TASK_SPECIFICATION_FAILURE,MALFORMED_VLM_SPECIFICATION,Role 'MAIN_WORKBENCH_ZONE' is a planner context constant and must not appear as a G_F role in domain 'workshop',0,False,,False,False,,False,0,False,0,,,False,0,3,0,0.0,False,False,,
workshop,W3,trial_01,True,True,,True,,True,,3,1,1,False,PARTIAL,0,0,2,1,3,2,62.26,INFEASIBLE,FUNCTIONAL_ASSIGNMENT_FAILURE,,"fastener, fastener",3,True,INFEASIBLE,False,False,,False,0,False,0,,,False,0,3,0,0.0,False,False,"[""Unresolved roles: [{'code': 'AMBIGUOUS_ROLE_MAPPING', 'raw_role': {'id': 'storage_structure', 'entity_kind': 'OBJECT', 'function': 'Container holding the required components.', 'required_count': 1, 'binding_policy': 'SHARED', 'candidate_categories': ['cabinet', 'drawer', 'storage bin'], 'required_pr"", ""Disabled/unsupported operations: [{'raw_group': {'id': 'place_equipment', 'function': 'placement', 'tool_role': 'fastening_tool', 'target_role': 'marked_workbench_location', 'context_role': None, 'required_target_count': 1, 'usage_policy': 'DEDICATED_PER_TARGET', 'required_relations': [], 'context_r"", ""Unresolved required operations: [{'raw_group': {'id': 'place_equipment', 'function': 'placement', 'tool_role': 'fastening_tool', 'target_role': 'marked_workbench_location', 'context_role': None, 'required_target_count': 1, 'usage_policy': 'DEDICATED_PER_TARGET', 'required_relations': [], 'context_re"", 'Unresolved required relations: [{\'raw_subject\': \'fastener\', \'raw_phrase\': \'functional\', \'raw_object\': \'assembly_base\', \'status\': \'UNINTERPRETABLE_REQUIRED_RELATION\', \'reason\': ""Relation text \'functional\' provides no semantic evidence for valid predicates [\'COMPATIBLE_WITH_TARGET\'] or task causal sem']",
workshop,W3,trial_02,True,True,,True,,True,,0,0,0,False,PARTIAL,0,0,3,0,3,2,26.72,NO_MEANINGFUL_CANDIDATE_PLAN,PLANNING_FAILURE,,Deterministic symbolic search found no valid plan,1,True,COMPLETE,True,True,,False,1,False,0,,,False,0,3,0,0.0,False,False,"['Sanitizer reported semantic incompleteness', ""Unresolved roles: [{'code': 'AMBIGUOUS_ROLE_MAPPING', 'raw_role': {'id': 'target_object', 'entity_kind': 'OBJECT', 'function': 'Receives the fastener', 'required_count': 1, 'binding_policy': 'DISTINCT', 'candidate_categories': ['part', 'block', 'assembly'], 'required_properties': ['has_fastening_hol"", ""Unresolved required relations: [{'raw_subject': 'fastener', 'raw_phrase': 'fits_into', 'raw_object': 'target_object', 'status': 'UNINTERPRETABLE_REQUIRED_RELATION', 'reason': 'Unresolved or context-only endpoint'}, {'raw_subject': 'fastening_tool', 'raw_phrase': 'operates_on', 'raw_object': 'fastene""]",
workshop,W3,trial_03,True,True,,True,,True,,1,0,0,False,PARTIAL,0,0,0,0,1,1,61.04,INFEASIBLE,FUNCTIONAL_ASSIGNMENT_FAILURE,,"COMPATIBLE_WITH, COMPATIBLE_WITH(driver, fastener), COMPATIBLE_WITH(driver, fastener), COMPATIBLE_WITH(driver, fastener)",3,True,INFEASIBLE,False,False,,False,0,False,0,,,False,0,3,0,0.0,False,False,"[""Unresolved roles: [{'code': 'AMBIGUOUS_ROLE_MAPPING', 'raw_role': {'id': 'storage_unit', 'entity_kind': 'REGION', 'function': 'holds hidden components and tools', 'required_count': 2, 'binding_policy': 'DISTINCT', 'candidate_categories': ['cabinet', 'drawer'], 'required_properties': ['enclosed', 'op""]",
workshop,W4,trial_01,True,True,,True,,False,MalformedVLMSpecificationError: Role 'MAIN_WORKBENCH_ZONE' is a planner context constant and must not appear as a G_F role in domain 'workshop',0,0,0,False,,0,0,0,0,5,2,0.92,VLM_SPEC_FAILED,TASK_SPECIFICATION_FAILURE,MALFORMED_VLM_SPECIFICATION,Role 'MAIN_WORKBENCH_ZONE' is a planner context constant and must not appear as a G_F role in domain 'workshop',0,False,,False,False,,False,0,False,0,,,False,0,3,0,0.0,False,False,,
workshop,W4,trial_02,True,True,,True,,True,,0,0,0,False,PARTIAL,0,0,5,0,5,1,38.01,INFEASIBLE,FUNCTIONAL_ASSIGNMENT_FAILURE,,"fastener, fastener",3,True,INFEASIBLE,False,False,,False,0,False,0,,,False,0,3,0,0.0,False,False,"['Sanitizer reported semantic incompleteness', ""Unresolved roles: [{'code': 'AMBIGUOUS_ROLE_MAPPING', 'raw_role': {'id': 'workbench_surface', 'entity_kind': 'REGION', 'function': 'The flat area where the tool must be left after use.', 'required_count': 1, 'binding_policy': 'SHARED', 'candidate_categories': ['wooden desk top'], 'required_propertie"", 'Unresolved required relations: [{\'raw_subject\': \'compatible_component\', \'raw_phrase\': \'The compatible_component is suitable for the fastening_target.\', \'raw_object\': \'fastening_target\', \'status\': \'UNINTERPRETABLE_REQUIRED_RELATION\', \'reason\': ""Relation text \'The compatible_component is suitable for ']",
workshop,W4,trial_03,True,True,,True,,True,,1,0,0,False,PARTIAL,0,0,3,0,5,1,57.58,INFEASIBLE,FUNCTIONAL_ASSIGNMENT_FAILURE,,"fastener, fastener",3,True,INFEASIBLE,False,False,,False,0,False,0,,,False,0,3,0,0.0,False,False,"['Sanitizer reported semantic incompleteness', ""Unresolved roles: [{'code': 'AMBIGUOUS_ROLE_MAPPING', 'raw_role': {'id': 'compatible_component', 'entity_kind': 'OBJECT', 'function': 'hardware piece that fits the target', 'required_count': 1, 'binding_policy': 'DISTINCT', 'candidate_categories': ['bolt', 'nut', 'screw', 'bracket'], 'required_prope"", ""Unresolved required relations: [{'raw_subject': 'compatible_component', 'raw_phrase': 'compatible_component fits fastening_target', 'raw_object': 'fastening_target', 'status': 'UNINTERPRETABLE_REQUIRED_RELATION', 'reason': 'Unresolved or context-only endpoint'}, {'raw_subject': 'fastening_tool', 'ra""]",
workshop,W5,trial_01,True,False,MalformedVLMSpecificationError: UNDECLARED_PARTICIPANT: operation_pairings[0] references ['robot_agent'],False,,False,,0,0,0,False,,0,0,0,0,0,0,0.88,VLM_SPEC_FAILED,TASK_SPECIFICATION_FAILURE,MALFORMED_VLM_SPECIFICATION,UNDECLARED_PARTICIPANT: operation_pairings[0] references ['robot_agent'],0,False,,False,False,,False,0,False,0,,,False,0,3,0,0.0,False,False,,
workshop,W5,trial_02,True,False,MalformedVLMSpecificationError: UNDECLARED_PARTICIPANT: functional_relations[0] references ['target_assembly'],False,,False,,0,0,0,False,,0,0,0,0,0,0,0.9,VLM_SPEC_FAILED,TASK_SPECIFICATION_FAILURE,MALFORMED_VLM_SPECIFICATION,UNDECLARED_PARTICIPANT: functional_relations[0] references ['target_assembly'],0,False,,False,False,,False,0,False,0,,,False,0,3,0,0.0,False,False,,
workshop,W5,trial_03,True,True,,True,,True,,0,0,0,False,PARTIAL,0,0,4,0,5,2,56.19,PARTIAL_ACTION_SEQUENCE_READY,PLANNING_FAILURE,,,3,True,COMPLETE,True,True,,False,1,True,2,VALID,PARTIAL_GOAL_SATISFIED,False,0,3,1,0.3333,False,False,"['Sanitizer reported semantic incompleteness', ""Unresolved roles: [{'code': 'AMBIGUOUS_ROLE_MAPPING', 'raw_role': {'id': 'storage_drawer_left', 'entity_kind': 'OBJECT', 'function': 'A closed storage unit potentially containing components.', 'required_count': 1, 'binding_policy': 'DISTINCT', 'candidate_categories': ['left drawer', 'under-table dra"", 'Unresolved required relations: [{\'raw_subject\': \'fastening_component\', \'raw_phrase\': \'fits\', \'raw_object\': \'assembly_target\', \'status\': \'UNINTERPRETABLE_REQUIRED_RELATION\', \'reason\': ""Relation text \'fits\' provides no semantic evidence for valid predicates [] or task causal semantics""}, {\'raw_subject']",
workshop,W6,trial_01,,False,,False,,False,,,,,,,,,,,,,,HARNESS_FAILURE,,,,,False,,,,,False,,False,,,,False,,,,,,False,,-11
workshop,W6,trial_02,True,True,,True,,True,,0,0,0,False,PARTIAL,0,0,1,0,6,1,51.47,INFEASIBLE,FUNCTIONAL_ASSIGNMENT_FAILURE,,"fastener, fastener",3,True,INFEASIBLE,False,False,,False,0,False,0,,,False,0,3,0,0.0,False,False,"['Unresolved required relations: [{\'raw_subject\': \'fastening_tool\', \'raw_phrase\': \'The fastening tool is used to drive the fastener into the workpiece.\', \'raw_object\': \'fastener\', \'status\': \'UNINTERPRETABLE_REQUIRED_RELATION\', \'reason\': ""Relation text \'The fastening tool is used to drive the fastener ']",
workshop,W6,trial_03,True,True,,True,,True,,0,0,0,False,PARTIAL,0,0,0,0,5,2,58.98,INFEASIBLE,FUNCTIONAL_ASSIGNMENT_FAILURE,,NO_VALID_TYPE_OBJECT_ASSIGNMENT,3,True,INFEASIBLE,False,False,,False,0,False,0,,,False,0,3,0,0.0,False,False,"['Sanitizer reported semantic incompleteness', ""Unresolved roles: [{'code': 'AMBIGUOUS_ROLE_MAPPING', 'raw_role': {'id': 'storage_area', 'entity_kind': 'REGION', 'function': 'Location where tools and components might be stored.', 'required_count': 1, 'binding_policy': 'SHARED', 'candidate_categories': ['drawer', 'cabinet'], 'required_properties':""]",
workshop,W7,trial_01,True,True,,True,,True,,0,0,0,False,PARTIAL,0,0,2,0,2,2,35.06,INFEASIBLE,FUNCTIONAL_ASSIGNMENT_FAILURE,,"fastener, fastener",3,True,INFEASIBLE,False,False,,False,0,False,0,,,False,0,3,0,0.0,False,False,"['Sanitizer reported semantic incompleteness', ""Unresolved roles: [{'code': 'AMBIGUOUS_ROLE_MAPPING', 'raw_role': {'id': 'fastening_part', 'entity_kind': 'OBJECT', 'function': 'The component to be inserted or attached to the workbench.', 'required_count': 1, 'binding_policy': 'DISTINCT', 'candidate_categories': ['screw', 'bolt', 'plug', 'block'],"", ""Unresolved required relations: [{'raw_subject': 'fastening_part', 'raw_phrase': 'The component must fit into the spot.', 'raw_object': 'fastening_spot', 'status': 'UNINTERPRETABLE_REQUIRED_RELATION', 'reason': 'Unresolved or context-only endpoint'}, {'raw_subject': 'fastening_tool', 'raw_phrase': 'T""]",
workshop,W7,trial_02,True,False,MalformedVLMSpecificationError: V3 schema validation failed: ['workbench'] is too short,False,,False,,0,0,0,False,,0,0,0,0,0,0,0.85,VLM_SPEC_FAILED,TASK_SPECIFICATION_FAILURE,MALFORMED_VLM_SPECIFICATION,V3 schema validation failed: ['workbench'] is too short,0,False,,False,False,,False,0,False,0,,,False,0,3,0,0.0,False,False,,
workshop,W7,trial_03,True,True,,True,,True,,0,0,0,False,PARTIAL,0,0,3,0,5,1,13.38,ACTION_SEQUENCE_READY,SUCCESS,,,1,True,COMPLETE,True,True,,True,1,True,2,VALID,GOAL_SATISFIED,True,0,3,1,0.3333,False,False,"['Sanitizer reported semantic incompleteness', ""Unresolved roles: [{'raw_role': {'id': 'fastening_part', 'entity_kind': 'OBJECT', 'function': 'The object that needs to be secured to the workbench.', 'required_count': 1, 'binding_policy': 'DISTINCT', 'candidate_categories': ['yellow block', 'metal plate', 'wooden piece'], 'required_properties': ['"", ""Unresolved required relations: [{'raw_subject': 'fastening_part', 'raw_phrase': 'The fastening_part must be secured to the attachment_target.', 'raw_object': 'attachment_target', 'status': 'UNINTERPRETABLE_REQUIRED_RELATION', 'reason': 'Unresolved or context-only endpoint'}, {'raw_subject': 'fasteni""]",
workshop,W8,trial_01,True,True,,True,,True,,0,0,2,False,PARTIAL,0,0,0,2,2,3,19.81,ACTION_SEQUENCE_READY,SUCCESS,,,1,True,COMPLETE,True,True,,True,1,True,2,VALID,GOAL_SATISFIED,True,0,3,1,0.3333,False,False,"[""Unresolved roles: [{'code': 'AMBIGUOUS_ROLE_MAPPING', 'raw_role': {'id': 'storage_container', 'entity_kind': 'REGION', 'function': 'Enclosed spaces to search for parts or tools.', 'required_count': 1, 'binding_policy': 'SHARED', 'candidate_categories': ['drawer', 'cabinet', 'compartment'], 'required"", ""Disabled/unsupported operations: [{'raw_group': {'id': 'search_and_identify', 'function': 'Open storage containers and inspect items to find compatible parts and tools.', 'tool_role': 'fastening_tool', 'target_role': 'component_part', 'context_role': None, 'required_target_count': 1, 'usage_policy':"", ""Unresolved required operations: [{'raw_group': {'id': 'search_and_identify', 'function': 'Open storage containers and inspect items to find compatible parts and tools.', 'tool_role': 'fastening_tool', 'target_role': 'component_part', 'context_role': None, 'required_target_count': 1, 'usage_policy': ""]",
workshop,W8,trial_02,True,True,,True,,True,,3,1,0,False,PARTIAL,0,0,4,0,5,2,52.13,INFEASIBLE,FUNCTIONAL_ASSIGNMENT_FAILURE,,"COMPATIBLE_WITH_TARGET, COMPATIBLE_WITH, REACHES_TARGET, COMPATIBLE_WITH_TARGET(None, None), COMPATIBLE_WITH(None, None), REACHES_TARGET(None, None), COMPATIBLE_WITH_TARGET(None, None), COMPATIBLE_WITH(None, None), REACHES_TARGET(None, None), REACHES_TARGET(None, None), COMPATIBLE_WITH_TARGET(None, None)",3,True,INFEASIBLE,False,False,,False,0,False,0,,,False,0,3,0,0.0,False,False,"[""Unresolved roles: [{'code': 'AMBIGUOUS_ROLE_MAPPING', 'raw_role': {'id': 'storage', 'entity_kind': 'FIXED_TARGET', 'function': 'Enclosed areas containing tools and fasteners.', 'required_count': 2, 'binding_policy': 'DISTINCT', 'candidate_categories': ['drawer', 'cabinet'], 'required_properties': ['"", 'Unresolved required relations: [{\'raw_subject\': \'fastener\', \'raw_phrase\': \'The fastener must physically suit the workpiece.\', \'raw_object\': \'workpiece\', \'status\': \'UNINTERPRETABLE_REQUIRED_RELATION\', \'reason\': ""Relation text \'The fastener must physically suit the workpiece.\' provides no semantic evi']",
workshop,W8,trial_03,True,True,,True,,True,,0,0,0,False,PARTIAL,0,0,1,0,1,2,19.93,INFEASIBLE,FUNCTIONAL_ASSIGNMENT_FAILURE,,"fastener, fastener",3,True,INFEASIBLE,False,False,,False,0,False,0,,,False,0,3,0,0.0,False,False,"['Sanitizer reported semantic incompleteness', ""Unresolved roles: [{'raw_role': {'id': 'compatible_component', 'entity_kind': 'OBJECT', 'function': 'The physical part(s) that need to be attached or joined at the target.', 'required_count': 1, 'binding_policy': 'DISTINCT', 'candidate_categories': ['block', 'part', 'assembly'], 'required_properties"", ""Unresolved required relations: [{'raw_subject': 'compatible_component', 'raw_phrase': 'compatible_component fits fastening_target', 'raw_object': 'fastening_target', 'status': 'UNINTERPRETABLE_REQUIRED_RELATION', 'reason': 'Unresolved or context-only endpoint'}]""]",
workshop,W9,trial_01,False,True,,True,,True,,0,0,0,False,PARTIAL,0,3,1,0,5,2,34.95,PARTIAL_ACTION_SEQUENCE_READY,PLANNING_FAILURE,,,2,True,COMPLETE,True,True,,False,1,True,2,VALID,PARTIAL_GOAL_SATISFIED,False,0,3,1,0.3333,False,True,"['Sanitizer reported semantic incompleteness', 'Unresolved required relations: [{\'raw_subject\': \'fastening_component\', \'raw_phrase\': \'fits_into\', \'raw_object\': \'fastening_target\', \'status\': \'UNINTERPRETABLE_REQUIRED_RELATION\', \'reason\': ""Relation text \'fits_into\' provides no semantic evidence for valid predicates [\'COMPATIBLE_WITH_TARGET\'] or tas']",
workshop,W9,trial_02,False,True,,True,,True,,0,0,0,False,PARTIAL,0,0,2,0,4,1,48.18,PARTIAL_ACTION_SEQUENCE_READY,PLANNING_FAILURE,,,3,True,COMPLETE,True,True,,False,1,True,2,VALID,PARTIAL_GOAL_SATISFIED,False,0,3,1,0.3333,False,True,"[""Unresolved roles: [{'code': 'AMBIGUOUS_ROLE_MAPPING', 'raw_role': {'id': 'fastening_tool', 'entity_kind': 'OBJECT', 'function': 'Applies force to secure the fastener.', 'required_count': 1, 'binding_policy': 'REUSABLE', 'candidate_categories': ['screwdriver', 'wrench', 'pliers'], 'required_propertie"", ""Unresolved required relations: [{'raw_subject': 'fastening_tool', 'raw_phrase': 'The fastening tool acts on the fastener component to secure it to the workpiece target.', 'raw_object': 'fastener_component', 'status': 'UNINTERPRETABLE_REQUIRED_RELATION', 'reason': 'Unresolved or context-only endpoint""]",
workshop,W9,trial_03,False,True,,True,,True,,0,0,0,False,PARTIAL,0,0,2,0,3,2,30.14,PARTIAL_ACTION_SEQUENCE_READY,PLANNING_FAILURE,,,3,True,COMPLETE,True,True,,False,1,True,2,VALID,PARTIAL_GOAL_SATISFIED,False,0,3,1,0.3333,False,True,"['Sanitizer reported semantic incompleteness', 'Unresolved required relations: [{\'raw_subject\': \'compatible_components\', \'raw_phrase\': \'compatible_components suit_for_fastening fastening_target\', \'raw_object\': \'fastening_target\', \'status\': \'UNINTERPRETABLE_REQUIRED_RELATION\', \'reason\': ""Relation text \'compatible_components suit_for_fastening fast']",
